qid,initial_pass1,n_flagged,K,flag_frac,wilson_lo,wilson_hi,mean_pass1,std_pass1,min_correct_of_32,ever_no_reward,class,pass1_seed1,pass1_seed2,pass1_seed3,pass1_seed4,pass1_seed5
20,0.0625,2,5,0.4,0.118,0.769,0.125,0.028,3,False,boundary,0.1562,0.125,0.0938,0.0938,0.1562
42,0.0625,2,5,0.4,0.118,0.769,0.1062,0.0375,2,False,boundary,0.125,0.1562,0.0625,0.125,0.0625
47,0.0312,3,5,0.6,0.231,0.882,0.0875,0.0459,1,False,boundary,0.0625,0.0625,0.0312,0.125,0.1562
48,0.5938,0,5,0.0,0.0,0.434,0.8125,0.0862,22,False,never_flagged,0.6875,0.75,0.9375,0.8438,0.8438
51,0.3438,0,5,0.0,0.0,0.434,0.3688,0.1053,6,False,never_flagged,0.3438,0.375,0.1875,0.4375,0.5
55,0.0312,0,5,0.0,0.0,0.434,0.3937,0.1244,6,False,never_flagged,0.5,0.3125,0.4688,0.5,0.1875
60,0.0,3,5,0.6,0.231,0.882,0.0813,0.0729,0,True,no_reward,0.0,0.0938,0.1875,0.125,0.0
65,0.875,0,5,0.0,0.0,0.434,1.0,0.0,32,False,never_flagged,1.0,1.0,1.0,1.0,1.0
66,0.0938,0,5,0.0,0.0,0.434,0.6562,0.0559,19,False,never_flagged,0.5938,0.7188,0.7188,0.5938,0.6562
67,0.0938,0,5,0.0,0.0,0.434,0.4938,0.1108,10,False,never_flagged,0.5312,0.5,0.3125,0.4688,0.6562
70,0.0,5,5,1.0,0.566,1.0,0.0,0.0,0,False,stable_unlearnable,0.0,0.0,0.0,0.0,0.0
78,0.0625,1,5,0.2,0.036,0.624,0.2188,0.0948,3,False,boundary,0.3125,0.0938,0.3438,0.1875,0.1562
98,0.0,5,5,1.0,0.566,1.0,0.0312,0.0342,0,False,stable_unlearnable,0.0,0.0312,0.0312,0.0938,0.0
101,0.0938,4,5,0.8,0.376,0.964,0.0563,0.0459,0,False,boundary,0.125,0.0938,0.0,0.0312,0.0312
104,0.0312,0,5,0.0,0.0,0.434,0.2313,0.0805,4,True,no_reward,0.125,0.2188,0.2188,0.2188,0.375
105,0.125,2,5,0.4,0.118,0.769,0.1688,0.0702,3,True,no_reward,0.2812,0.0938,0.1875,0.1875,0.0938
106,0.4688,0,5,0.0,0.0,0.434,1.0,0.0,32,False,never_flagged,1.0,1.0,1.0,1.0,1.0
118,0.0,5,5,1.0,0.566,1.0,0.0,0.0,0,True,no_reward,0.0,0.0,0.0,0.0,0.0
131,0.0,5,5,1.0,0.566,1.0,0.0,0.0,0,True,no_reward,0.0,0.0,0.0,0.0,0.0
132,0.9062,0,5,0.0,0.0,0.434,1.0,0.0,32,False,never_flagged,1.0,1.0,1.0,1.0,1.0
141,0.0,5,5,1.0,0.566,1.0,0.0,0.0,0,True,no_reward,0.0,0.0,0.0,0.0,0.0
142,0.2812,0,5,0.0,0.0,0.434,0.7438,0.0364,22,False,never_flagged,0.7188,0.75,0.7812,0.6875,0.7812
148,0.0938,0,5,0.0,0.0,0.434,0.2188,0.0593,4,True,no_reward,0.125,0.3125,0.2188,0.2188,0.2188
150,0.6875,0,5,0.0,0.0,0.434,1.0,0.0,32,False,never_flagged,1.0,1.0,1.0,1.0,1.0
153,0.0,5,5,1.0,0.566,1.0,0.0,0.0,0,True,no_reward,0.0,0.0,0.0,0.0,0.0
165,0.0,5,5,1.0,0.566,1.0,0.0312,0.0198,0,True,no_reward,0.0312,0.0625,0.0312,0.0312,0.0
220,0.0312,2,5,0.4,0.118,0.769,0.1125,0.058,1,True,no_reward,0.0625,0.1875,0.125,0.1562,0.0312
251,0.2812,0,5,0.0,0.0,0.434,0.85,0.1108,22,False,never_flagged,0.7812,0.9375,0.8438,0.6875,1.0
265,0.5625,0,5,0.0,0.0,0.434,0.9437,0.1125,23,False,never_flagged,1.0,1.0,0.7188,1.0,1.0
278,0.0312,2,5,0.4,0.118,0.769,0.1125,0.0729,1,False,boundary,0.1562,0.125,0.2188,0.0312,0.0312
288,0.6562,0,5,0.0,0.0,0.434,1.0,0.0,32,False,never_flagged,1.0,1.0,1.0,1.0,1.0
289,0.2812,0,5,0.0,0.0,0.434,0.825,0.1,22,False,never_flagged,0.7812,0.9688,0.6875,0.7812,0.9062
294,0.0625,2,5,0.4,0.118,0.769,0.1313,0.0573,2,False,boundary,0.1875,0.1562,0.1875,0.0625,0.0625
304,0.8438,0,5,0.0,0.0,0.434,1.0,0.0,32,False,never_flagged,1.0,1.0,1.0,1.0,1.0
316,0.4688,0,5,0.0,0.0,0.434,0.9313,0.0824,25,False,never_flagged,1.0,1.0,0.7812,0.9062,0.9688
321,0.4688,0,5,0.0,0.0,0.434,0.9812,0.025,30,False,never_flagged,1.0,1.0,0.9688,1.0,0.9375
325,0.0,5,5,1.0,0.566,1.0,0.0063,0.0125,0,True,no_reward,0.0,0.0,0.0312,0.0,0.0
345,0.75,0,5,0.0,0.0,0.434,0.7063,0.2473,11,False,never_flagged,0.9688,0.3438,0.625,1.0,0.5938
351,0.7812,0,5,0.0,0.0,0.434,0.8875,0.2097,15,False,never_flagged,1.0,0.4688,0.9688,1.0,1.0
354,0.2188,0,5,0.0,0.0,0.434,0.4625,0.1142,9,False,never_flagged,0.2812,0.4062,0.5,0.5,0.625
371,0.4062,0,5,0.0,0.0,0.434,0.9938,0.0125,31,False,never_flagged,1.0,1.0,1.0,1.0,0.9688
372,0.5938,0,5,0.0,0.0,0.434,0.9812,0.0153,31,False,never_flagged,1.0,0.9688,0.9688,0.9688,1.0
375,0.0625,5,5,1.0,0.566,1.0,0.0375,0.0459,0,True,no_reward,0.0,0.0938,0.0,0.0,0.0938
381,0.4062,0,5,0.0,0.0,0.434,0.7375,0.1111,19,False,never_flagged,0.7188,0.7188,0.5938,0.9375,0.7188
383,0.0,5,5,1.0,0.566,1.0,0.0312,0.0198,0,True,no_reward,0.0312,0.0625,0.0312,0.0,0.0312
388,0.0,2,5,0.4,0.118,0.769,0.1812,0.1108,2,False,boundary,0.1562,0.0625,0.0938,0.375,0.2188
400,0.0625,2,5,0.4,0.118,0.769,0.1187,0.0723,1,False,boundary,0.1875,0.1562,0.0312,0.1875,0.0312
404,0.0312,2,5,0.4,0.118,0.769,0.1437,0.094,1,False,boundary,0.125,0.0312,0.1562,0.3125,0.0938
407,0.4062,0,5,0.0,0.0,0.434,0.8375,0.1176,21,False,never_flagged,0.9688,0.75,0.9375,0.6562,0.875
417,0.4688,0,5,0.0,0.0,0.434,0.95,0.0319,29,False,never_flagged,0.9375,0.9062,0.9375,0.9688,1.0
418,0.5312,0,5,0.0,0.0,0.434,0.7937,0.1392,17,False,never_flagged,0.9062,0.8438,0.5312,0.7812,0.9062
442,0.2812,0,5,0.0,0.0,0.434,0.9313,0.0538,27,False,never_flagged,0.9375,0.8438,0.9688,0.9062,1.0
443,0.2188,0,5,0.0,0.0,0.434,0.5563,0.1837,10,False,never_flagged,0.3125,0.5938,0.875,0.5,0.5
466,0.0,5,5,1.0,0.566,1.0,0.0312,0.0198,0,True,no_reward,0.0312,0.0312,0.0312,0.0625,0.0
467,0.0312,3,5,0.6,0.231,0.882,0.0938,0.0815,0,True,no_reward,0.0312,0.2188,0.0625,0.1562,0.0
470,0.625,0,5,0.0,0.0,0.434,0.9375,0.0559,28,False,never_flagged,0.9375,0.875,0.875,1.0,1.0
477,0.0,5,5,1.0,0.566,1.0,0.05,0.025,1,True,no_reward,0.0312,0.0938,0.0312,0.0625,0.0312
487,0.0,3,5,0.6,0.231,0.882,0.0938,0.028,2,False,boundary,0.125,0.125,0.0625,0.0938,0.0625
489,0.0938,1,5,0.2,0.036,0.624,0.3187,0.1241,3,False,boundary,0.375,0.4375,0.2812,0.0938,0.4062
496,0.0,4,5,0.8,0.376,0.964,0.075,0.0508,0,False,boundary,0.1562,0.0938,0.0625,0.0,0.0625
502,0.25,0,5,0.0,0.0,0.434,0.5437,0.1275,12,False,never_flagged,0.625,0.6875,0.375,0.625,0.4062
510,0.0938,1,5,0.2,0.036,0.624,0.25,0.1369,2,False,boundary,0.0625,0.4375,0.1875,0.375,0.1875
514,0.0312,2,5,0.4,0.118,0.769,0.2313,0.1922,2,False,boundary,0.0938,0.25,0.1562,0.0625,0.5938
516,0.5625,0,5,0.0,0.0,0.434,0.9313,0.0538,27,False,never_flagged,0.9375,0.8438,0.9062,0.9688,1.0
525,0.4062,0,5,0.0,0.0,0.434,0.8,0.0508,24,False,never_flagged,0.75,0.75,0.8438,0.7812,0.875
532,0.0625,2,5,0.4,0.118,0.769,0.1562,0.1046,0,False,boundary,0.1875,0.0938,0.1875,0.0,0.3125
535,0.25,0,5,0.0,0.0,0.434,0.5312,0.1266,12,False,never_flagged,0.5312,0.4062,0.6562,0.375,0.6875
549,0.0,4,5,0.8,0.376,0.964,0.0625,0.0442,0,True,no_reward,0.125,0.0938,0.0625,0.0312,0.0
553,0.0,5,5,1.0,0.566,1.0,0.0,0.0,0,True,no_reward,0.0,0.0,0.0,0.0,0.0
564,0.125,0,5,0.0,0.0,0.434,0.7812,0.1618,16,False,never_flagged,0.9688,0.875,0.8438,0.7188,0.5
569,0.0625,2,5,0.4,0.118,0.769,0.1375,0.0897,1,False,boundary,0.125,0.1875,0.0625,0.0312,0.2812
573,0.4375,0,5,0.0,0.0,0.434,0.9938,0.0125,31,False,never_flagged,1.0,0.9688,1.0,1.0,1.0
577,0.1875,0,5,0.0,0.0,0.434,1.0,0.0,32,False,never_flagged,1.0,1.0,1.0,1.0,1.0
581,0.2812,0,5,0.0,0.0,0.434,0.4813,0.1349,10,False,never_flagged,0.4688,0.3125,0.4062,0.5,0.7188
590,0.5625,0,5,0.0,0.0,0.434,0.9437,0.0364,28,False,never_flagged,0.9688,0.9688,0.9375,0.875,0.9688
591,0.2812,0,5,0.0,0.0,0.434,0.5813,0.1829,10,False,never_flagged,0.75,0.4688,0.8125,0.5625,0.3125
598,0.0,5,5,1.0,0.566,1.0,0.0,0.0,0,True,no_reward,0.0,0.0,0.0,0.0,0.0
600,0.9062,0,5,0.0,0.0,0.434,1.0,0.0,32,False,never_flagged,1.0,1.0,1.0,1.0,1.0
604,0.5625,0,5,0.0,0.0,0.434,0.6937,0.2178,11,False,never_flagged,0.9688,0.5625,0.3438,0.7812,0.8125
612,0.0312,1,5,0.2,0.036,0.624,0.1437,0.0319,3,True,no_reward,0.1562,0.0938,0.125,0.1875,0.1562
618,0.2812,0,5,0.0,0.0,0.434,0.85,0.1783,16,False,never_flagged,0.875,0.9688,0.9688,0.9375,0.5
629,0.0312,5,5,1.0,0.566,1.0,0.0125,0.0153,0,True,no_reward,0.0312,0.0,0.0,0.0312,0.0
639,0.1562,0,5,0.0,0.0,0.434,0.55,0.1601,10,False,never_flagged,0.5625,0.3125,0.75,0.6875,0.4375
657,0.0,5,5,1.0,0.566,1.0,0.0063,0.0125,0,True,no_reward,0.0,0.0,0.0312,0.0,0.0
676,0.0,5,5,1.0,0.566,1.0,0.0187,0.025,0,True,no_reward,0.0312,0.0,0.0,0.0625,0.0
678,0.0,5,5,1.0,0.566,1.0,0.0063,0.0125,0,True,no_reward,0.0312,0.0,0.0,0.0,0.0
697,0.875,0,5,0.0,0.0,0.434,0.9938,0.0125,31,False,never_flagged,1.0,1.0,1.0,1.0,0.9688
707,0.0,5,5,1.0,0.566,1.0,0.0,0.0,0,True,no_reward,0.0,0.0,0.0,0.0,0.0
709,0.1875,0,5,0.0,0.0,0.434,0.3812,0.1693,9,False,never_flagged,0.2812,0.3125,0.2812,0.3125,0.7188
715,0.2812,0,5,0.0,0.0,0.434,0.7688,0.096,19,False,never_flagged,0.8125,0.875,0.8125,0.75,0.5938
721,0.1562,0,5,0.0,0.0,0.434,0.325,0.0829,7,False,never_flagged,0.2812,0.2188,0.4062,0.4375,0.2812
728,0.7188,0,5,0.0,0.0,0.434,1.0,0.0,32,False,never_flagged,1.0,1.0,1.0,1.0,1.0
730,0.2812,0,5,0.0,0.0,0.434,0.4938,0.1072,13,False,never_flagged,0.4375,0.4062,0.4062,0.5312,0.6875
736,0.4375,0,5,0.0,0.0,0.434,0.9875,0.025,30,False,never_flagged,1.0,0.9375,1.0,1.0,1.0
745,0.0,5,5,1.0,0.566,1.0,0.0,0.0,0,True,no_reward,0.0,0.0,0.0,0.0,0.0
757,0.2812,0,5,0.0,0.0,0.434,0.9313,0.0606,27,False,never_flagged,0.875,0.9688,0.9688,1.0,0.8438
758,0.0,3,5,0.6,0.231,0.882,0.075,0.0424,1,False,boundary,0.0625,0.125,0.125,0.0312,0.0312
765,0.875,0,5,0.0,0.0,0.434,0.975,0.0125,31,False,never_flagged,0.9688,0.9688,0.9688,0.9688,1.0
766,0.0938,0,5,0.0,0.0,0.434,0.4938,0.2248,5,False,never_flagged,0.5625,0.8125,0.5938,0.3438,0.1562
772,0.8125,0,5,0.0,0.0,0.434,0.9875,0.0153,31,False,never_flagged,1.0,0.9688,1.0,1.0,0.9688
774,0.4375,0,5,0.0,0.0,0.434,0.9688,0.0198,30,False,never_flagged,0.9375,0.9688,0.9688,0.9688,1.0
789,0.0312,4,5,0.8,0.376,0.964,0.075,0.058,1,False,boundary,0.0312,0.1875,0.0625,0.0312,0.0625
800,0.0,4,5,0.8,0.376,0.964,0.0563,0.0459,0,True,no_reward,0.0,0.0312,0.125,0.0938,0.0312
806,0.0,5,5,1.0,0.566,1.0,0.0,0.0,0,True,no_reward,0.0,0.0,0.0,0.0,0.0
819,0.0312,5,5,1.0,0.566,1.0,0.0,0.0,0,True,no_reward,0.0,0.0,0.0,0.0,0.0
830,0.0,5,5,1.0,0.566,1.0,0.0125,0.0153,0,True,no_reward,0.0312,0.0,0.0312,0.0,0.0
840,0.0,5,5,1.0,0.566,1.0,0.0,0.0,0,True,no_reward,0.0,0.0,0.0,0.0,0.0
841,0.3438,0,5,0.0,0.0,0.434,0.675,0.1305,17,False,never_flagged,0.7812,0.5938,0.5312,0.875,0.5938
847,0.5625,0,5,0.0,0.0,0.434,1.0,0.0,32,False,never_flagged,1.0,1.0,1.0,1.0,1.0
854,0.4375,0,5,0.0,0.0,0.434,1.0,0.0,32,False,never_flagged,1.0,1.0,1.0,1.0,1.0
861,0.4688,0,5,0.0,0.0,0.434,0.9375,0.0442,28,False,never_flagged,0.9375,0.875,0.9062,1.0,0.9688
872,0.0312,1,5,0.2,0.036,0.624,0.15,0.0306,3,False,boundary,0.1562,0.1875,0.1562,0.1562,0.0938
877,0.0938,2,5,0.4,0.118,0.769,0.1187,0.0364,2,False,boundary,0.1562,0.0938,0.1562,0.125,0.0625
881,0.4375,0,5,0.0,0.0,0.434,0.9313,0.0538,27,False,never_flagged,0.9062,0.9375,0.8438,1.0,0.9688
887,0.0,5,5,1.0,0.566,1.0,0.0,0.0,0,True,no_reward,0.0,0.0,0.0,0.0,0.0
904,0.1875,0,5,0.0,0.0,0.434,0.975,0.0364,29,False,never_flagged,1.0,1.0,0.9688,0.9062,1.0
924,0.7812,0,5,0.0,0.0,0.434,0.9875,0.0153,31,False,never_flagged,0.9688,1.0,0.9688,1.0,1.0
927,0.4688,0,5,0.0,0.0,0.434,0.9688,0.0198,30,False,never_flagged,0.9375,0.9688,1.0,0.9688,0.9688
933,0.7812,0,5,0.0,0.0,0.434,1.0,0.0,32,False,never_flagged,1.0,1.0,1.0,1.0,1.0
945,0.1562,1,5,0.2,0.036,0.624,0.225,0.1176,3,False,boundary,0.0938,0.25,0.1875,0.1562,0.4375
946,0.0312,4,5,0.8,0.376,0.964,0.0813,0.058,1,False,boundary,0.1875,0.0625,0.0312,0.0938,0.0312
956,0.4688,0,5,0.0,0.0,0.434,0.9938,0.0125,31,False,never_flagged,0.9688,1.0,1.0,1.0,1.0
977,0.3125,1,5,0.2,0.036,0.624,0.2437,0.1783,1,False,boundary,0.1875,0.1562,0.0312,0.2812,0.5625
978,0.0938,0,5,0.0,0.0,0.434,0.2,0.0153,6,False,never_flagged,0.1875,0.2188,0.2188,0.1875,0.1875
981,0.0312,3,5,0.6,0.231,0.882,0.0625,0.0523,0,False,boundary,0.125,0.0312,0.0312,0.0,0.125
984,0.0312,0,5,0.0,0.0,0.434,0.3375,0.1241,7,False,never_flagged,0.375,0.2812,0.2188,0.25,0.5625
992,0.0625,4,5,0.8,0.376,0.964,0.1062,0.1212,1,False,boundary,0.3438,0.0312,0.0938,0.0312,0.0312
995,0.0625,4,5,0.8,0.376,0.964,0.075,0.0319,1,True,no_reward,0.0312,0.0938,0.0625,0.125,0.0625
1013,0.125,5,5,1.0,0.566,1.0,0.025,0.0364,0,False,stable_unlearnable,0.0938,0.0,0.0,0.0,0.0312
1015,0.125,0,5,0.0,0.0,0.434,0.4125,0.0776,10,False,never_flagged,0.4062,0.3125,0.5,0.5,0.3438
1036,0.0,1,5,0.2,0.036,0.624,0.125,0.0342,2,False,boundary,0.125,0.1562,0.125,0.0625,0.1562
1044,0.0,5,5,1.0,0.566,1.0,0.0,0.0,0,True,no_reward,0.0,0.0,0.0,0.0,0.0
1045,0.2188,0,5,0.0,0.0,0.434,0.7438,0.0637,21,False,never_flagged,0.7812,0.7188,0.7188,0.8438,0.6562
1047,0.0625,3,5,0.6,0.231,0.882,0.1125,0.0805,0,False,boundary,0.2188,0.1875,0.0,0.0625,0.0938
1058,0.4688,0,5,0.0,0.0,0.434,0.9437,0.0459,28,False,never_flagged,0.9688,0.9688,0.875,1.0,0.9062
1075,0.0312,5,5,1.0,0.566,1.0,0.05,0.0319,0,True,no_reward,0.0312,0.0625,0.0625,0.0,0.0938
1079,0.5938,0,5,0.0,0.0,0.434,1.0,0.0,32,False,never_flagged,1.0,1.0,1.0,1.0,1.0
1096,0.0,4,5,0.8,0.376,0.964,0.0563,0.0364,1,True,no_reward,0.0312,0.125,0.0312,0.0312,0.0625
1111,0.125,5,5,1.0,0.566,1.0,0.0063,0.0125,0,True,no_reward,0.0,0.0,0.0,0.0,0.0312
1120,0.4688,0,5,0.0,0.0,0.434,0.4562,0.0545,12,False,never_flagged,0.5,0.5312,0.4375,0.4375,0.375
1132,0.0625,0,5,0.0,0.0,0.434,0.7562,0.0935,21,False,never_flagged,0.7812,0.6562,0.9062,0.6562,0.7812
1133,0.0,5,5,1.0,0.566,1.0,0.0187,0.0153,0,True,no_reward,0.0312,0.0,0.0312,0.0312,0.0
1142,0.5312,0,5,0.0,0.0,0.434,0.975,0.0364,29,False,never_flagged,1.0,0.9062,0.9688,1.0,1.0
1143,0.1875,0,5,0.0,0.0,0.434,0.3125,0.0593,7,False,never_flagged,0.2188,0.3125,0.2812,0.375,0.375
1147,0.1875,0,5,0.0,0.0,0.434,0.9313,0.0459,28,False,never_flagged,0.9688,0.9688,0.875,0.875,0.9688
1149,0.5938,0,5,0.0,0.0,0.434,0.9938,0.0125,31,False,never_flagged,1.0,1.0,1.0,1.0,0.9688
1151,0.0625,5,5,1.0,0.566,1.0,0.025,0.0364,0,True,no_reward,0.0938,0.0,0.0,0.0,0.0312
1158,0.8438,0,5,0.0,0.0,0.434,0.9625,0.0234,30,False,never_flagged,0.9375,0.9375,0.9688,1.0,0.9688
1160,0.625,0,5,0.0,0.0,0.434,0.9812,0.0153,31,False,never_flagged,1.0,0.9688,0.9688,1.0,0.9688
1169,0.0625,3,5,0.6,0.231,0.882,0.0938,0.0523,0,False,boundary,0.125,0.0,0.1562,0.0938,0.0938
1171,0.625,0,5,0.0,0.0,0.434,0.9125,0.0538,26,False,never_flagged,0.9375,0.9688,0.9375,0.9062,0.8125
1184,0.375,0,5,0.0,0.0,0.434,0.7375,0.0545,21,False,never_flagged,0.7188,0.8125,0.7812,0.6562,0.7188
1185,0.6562,0,5,0.0,0.0,0.434,0.7375,0.1111,17,False,never_flagged,0.8125,0.7188,0.5312,0.7812,0.8438
1192,0.125,0,5,0.0,0.0,0.434,0.5437,0.0852,14,False,never_flagged,0.4688,0.5312,0.6562,0.4375,0.625
1206,0.625,0,5,0.0,0.0,0.434,0.9812,0.025,30,False,never_flagged,0.9688,1.0,1.0,0.9375,1.0
1216,0.0,5,5,1.0,0.566,1.0,0.0,0.0,0,True,no_reward,0.0,0.0,0.0,0.0,0.0
1244,0.0,5,5,1.0,0.566,1.0,0.0563,0.0234,1,True,no_reward,0.0938,0.0625,0.0312,0.0625,0.0312
1249,0.0625,2,5,0.4,0.118,0.769,0.2687,0.1871,1,False,boundary,0.4062,0.0312,0.0938,0.5312,0.2812
1253,0.7188,0,5,0.0,0.0,0.434,1.0,0.0,32,False,never_flagged,1.0,1.0,1.0,1.0,1.0
1258,0.0312,1,5,0.2,0.036,0.624,0.2,0.1212,2,False,boundary,0.125,0.125,0.375,0.0625,0.3125
1260,0.75,0,5,0.0,0.0,0.434,1.0,0.0,32,False,never_flagged,1.0,1.0,1.0,1.0,1.0
1261,0.5,0,5,0.0,0.0,0.434,0.9563,0.0375,29,False,never_flagged,1.0,1.0,0.9375,0.9375,0.9062
1265,0.4375,0,5,0.0,0.0,0.434,0.8938,0.0673,26,False,never_flagged,0.875,0.8438,0.8125,0.9375,1.0
1276,0.2188,0,5,0.0,0.0,0.434,0.5437,0.0702,13,False,never_flagged,0.5938,0.4062,0.5625,0.5625,0.5938
1280,0.1875,0,5,0.0,0.0,0.434,0.825,0.025,25,False,never_flagged,0.8125,0.8438,0.8438,0.7812,0.8438
1285,0.7188,0,5,0.0,0.0,0.434,1.0,0.0,32,False,never_flagged,1.0,1.0,1.0,1.0,1.0
1290,0.0,5,5,1.0,0.566,1.0,0.0,0.0,0,True,no_reward,0.0,0.0,0.0,0.0,0.0
1293,0.0,5,5,1.0,0.566,1.0,0.0,0.0,0,True,no_reward,0.0,0.0,0.0,0.0,0.0
1300,0.0312,4,5,0.8,0.376,0.964,0.0312,0.0484,0,False,boundary,0.125,0.0,0.0,0.0,0.0312
1302,0.4375,0,5,0.0,0.0,0.434,0.3063,0.0538,7,False,never_flagged,0.3438,0.375,0.2812,0.3125,0.2188
1307,0.0312,4,5,0.8,0.376,0.964,0.0375,0.0459,0,False,boundary,0.0,0.0,0.0312,0.125,0.0312
1311,0.0938,1,5,0.2,0.036,0.624,0.1187,0.0459,1,False,boundary,0.125,0.125,0.0312,0.1562,0.1562
1318,0.5938,0,5,0.0,0.0,0.434,1.0,0.0,32,False,never_flagged,1.0,1.0,1.0,1.0,1.0
1320,0.4062,0,5,0.0,0.0,0.434,0.55,0.1649,10,False,never_flagged,0.8125,0.3125,0.625,0.5,0.5
1331,0.4375,0,5,0.0,0.0,0.434,0.5125,0.1259,11,False,never_flagged,0.5,0.7188,0.3438,0.4375,0.5625
1357,0.4375,0,5,0.0,0.0,0.434,0.7562,0.1302,17,False,never_flagged,0.875,0.6875,0.8438,0.5312,0.8438
1358,0.2812,0,5,0.0,0.0,0.434,0.3187,0.1142,6,False,never_flagged,0.1875,0.5312,0.3125,0.2812,0.2812
1360,0.2812,0,5,0.0,0.0,0.434,0.75,0.1046,18,False,never_flagged,0.5625,0.8438,0.7188,0.8438,0.7812
1376,0.0312,5,5,1.0,0.566,1.0,0.0063,0.0125,0,True,no_reward,0.0,0.0312,0.0,0.0,0.0
1391,0.5625,0,5,0.0,0.0,0.434,0.9938,0.0125,31,False,never_flagged,1.0,0.9688,1.0,1.0,1.0
1392,0.2188,0,5,0.0,0.0,0.434,0.2375,0.0319,6,False,never_flagged,0.25,0.2188,0.1875,0.2812,0.25
1396,0.0312,5,5,1.0,0.566,1.0,0.0312,0.0198,0,True,no_reward,0.0312,0.0625,0.0312,0.0312,0.0
1401,0.2188,0,5,0.0,0.0,0.434,0.45,0.0612,13,False,never_flagged,0.4062,0.4062,0.4062,0.5625,0.4688
1410,0.0,0,5,0.0,0.0,0.434,0.3063,0.1346,4,False,never_flagged,0.4688,0.3125,0.1875,0.125,0.4375
1416,0.0625,0,5,0.0,0.0,0.434,0.3438,0.1326,7,False,never_flagged,0.3438,0.5938,0.2188,0.3125,0.25
1421,0.1562,0,5,0.0,0.0,0.434,0.325,0.15,5,False,never_flagged,0.3438,0.1562,0.1562,0.4375,0.5312
1424,0.0,5,5,1.0,0.566,1.0,0.0,0.0,0,True,no_reward,0.0,0.0,0.0,0.0,0.0
1442,0.4375,0,5,0.0,0.0,0.434,0.9437,0.0234,29,False,never_flagged,0.9688,0.9375,0.9688,0.9062,0.9375
1452,0.7188,0,5,0.0,0.0,0.434,0.9875,0.025,30,False,never_flagged,1.0,1.0,1.0,0.9375,1.0
1471,0.1562,3,5,0.6,0.231,0.882,0.0938,0.0559,1,False,boundary,0.125,0.0625,0.0625,0.0312,0.1875
1484,0.2812,0,5,0.0,0.0,0.434,0.8313,0.1378,19,False,never_flagged,0.9062,0.7812,1.0,0.875,0.5938
1486,0.2188,0,5,0.0,0.0,0.434,0.9375,0.0791,25,False,never_flagged,0.7812,0.9688,0.9688,1.0,0.9688
1496,0.375,0,5,0.0,0.0,0.434,0.8187,0.1035,23,False,never_flagged,0.8125,0.8438,0.7188,0.7188,1.0
1497,0.125,0,5,0.0,0.0,0.434,0.3375,0.0667,7,False,never_flagged,0.2188,0.375,0.3125,0.4062,0.375
1514,0.2188,0,5,0.0,0.0,0.434,0.925,0.0897,24,False,never_flagged,0.9688,1.0,0.9688,0.75,0.9375
1517,0.5938,0,5,0.0,0.0,0.434,0.9625,0.0364,29,False,never_flagged,1.0,0.9688,0.9375,1.0,0.9062
1519,0.0,5,5,1.0,0.566,1.0,0.0,0.0,0,True,no_reward,0.0,0.0,0.0,0.0,0.0
1534,0.0312,5,5,1.0,0.566,1.0,0.0,0.0,0,True,no_reward,0.0,0.0,0.0,0.0,0.0
1540,0.0625,3,5,0.6,0.231,0.882,0.1875,0.2539,0,False,boundary,0.0312,0.6875,0.125,0.0,0.0938
1541,0.1562,0,5,0.0,0.0,0.434,0.3937,0.1,9,False,never_flagged,0.5625,0.4375,0.375,0.3125,0.2812
1559,0.0312,1,5,0.2,0.036,0.624,0.125,0.0685,0,False,boundary,0.1875,0.0,0.1875,0.125,0.125
1591,0.0312,3,5,0.6,0.231,0.882,0.1062,0.0319,2,False,boundary,0.0938,0.125,0.1562,0.0938,0.0625
1597,0.0,5,5,1.0,0.566,1.0,0.0125,0.0153,0,True,no_reward,0.0,0.0312,0.0312,0.0,0.0
1603,0.2812,0,5,0.0,0.0,0.434,0.7937,0.0805,21,False,never_flagged,0.875,0.7812,0.875,0.6562,0.7812
1614,0.0,5,5,1.0,0.566,1.0,0.0125,0.0153,0,True,no_reward,0.0312,0.0312,0.0,0.0,0.0
1617,0.1875,0,5,0.0,0.0,0.434,0.5375,0.0538,15,False,never_flagged,0.4688,0.5625,0.5312,0.5,0.625
1618,0.4375,0,5,0.0,0.0,0.434,0.9437,0.0459,28,False,never_flagged,0.875,0.9062,1.0,0.9688,0.9688
1619,0.3125,0,5,0.0,0.0,0.434,0.2812,0.1064,5,False,never_flagged,0.2188,0.1562,0.4375,0.2188,0.375
1629,0.5625,0,5,0.0,0.0,0.434,0.9563,0.0424,28,False,never_flagged,0.9688,0.9688,1.0,0.9688,0.875
1630,0.0,5,5,1.0,0.566,1.0,0.0063,0.0125,0,True,no_reward,0.0,0.0,0.0,0.0312,0.0
1633,0.0,5,5,1.0,0.566,1.0,0.0063,0.0125,0,True,no_reward,0.0,0.0,0.0,0.0,0.0312
1634,0.0625,5,5,1.0,0.566,1.0,0.0187,0.025,0,False,stable_unlearnable,0.0,0.0,0.0,0.0625,0.0312
1636,0.3125,0,5,0.0,0.0,0.434,0.3438,0.0862,8,False,never_flagged,0.4062,0.4688,0.3438,0.25,0.25
1647,0.6562,0,5,0.0,0.0,0.434,0.7812,0.1008,21,False,never_flagged,0.8125,0.9375,0.8125,0.6562,0.6875
1657,0.0,1,5,0.2,0.036,0.624,0.1812,0.0459,3,False,boundary,0.2188,0.1875,0.1875,0.0938,0.2188
1661,0.75,0,5,0.0,0.0,0.434,0.8875,0.025,27,False,never_flagged,0.9062,0.9062,0.9062,0.8438,0.875
1671,0.7188,0,5,0.0,0.0,0.434,1.0,0.0,32,False,never_flagged,1.0,1.0,1.0,1.0,1.0
1677,0.1875,0,5,0.0,0.0,0.434,0.7937,0.0897,20,False,never_flagged,0.875,0.8438,0.625,0.7812,0.8438
1687,0.0312,4,5,0.8,0.376,0.964,0.0688,0.0415,0,False,boundary,0.125,0.0625,0.0938,0.0625,0.0
1690,0.0625,5,5,1.0,0.566,1.0,0.0437,0.0424,0,False,stable_unlearnable,0.0938,0.0,0.0938,0.0312,0.0
1702,0.0,5,5,1.0,0.566,1.0,0.05,0.0319,0,True,no_reward,0.0625,0.0938,0.0,0.0312,0.0625
1712,0.0,4,5,0.8,0.376,0.964,0.0563,0.0415,0,True,no_reward,0.125,0.0625,0.0625,0.0312,0.0
1717,0.0312,0,5,0.0,0.0,0.434,0.25,0.0593,6,False,never_flagged,0.25,0.2812,0.3438,0.1875,0.1875
1720,0.25,0,5,0.0,0.0,0.434,0.8438,0.0685,24,False,never_flagged,0.9375,0.875,0.75,0.875,0.7812
1722,0.0,0,5,0.0,0.0,0.434,0.5375,0.1794,11,False,never_flagged,0.625,0.8438,0.3438,0.4688,0.4062
1725,0.1562,0,5,0.0,0.0,0.434,0.7188,0.028,22,False,never_flagged,0.75,0.75,0.6875,0.7188,0.6875
1729,0.0312,0,5,0.0,0.0,0.434,0.1812,0.0696,4,False,never_flagged,0.2812,0.125,0.25,0.125,0.125
1747,0.625,0,5,0.0,0.0,0.434,0.975,0.0364,29,False,never_flagged,1.0,0.9062,1.0,0.9688,1.0
1751,0.3438,0,5,0.0,0.0,0.434,0.425,0.1364,9,False,never_flagged,0.3438,0.2812,0.5,0.6562,0.3438
1772,0.0938,1,5,0.2,0.036,0.624,0.1812,0.0637,3,False,boundary,0.25,0.25,0.0938,0.125,0.1875
1777,0.125,0,5,0.0,0.0,0.434,0.6687,0.1763,11,False,never_flagged,0.875,0.3438,0.75,0.6875,0.6875
1780,0.2812,0,5,0.0,0.0,0.434,0.575,0.0852,16,False,never_flagged,0.5,0.7188,0.5,0.625,0.5312
1790,0.125,0,5,0.0,0.0,0.434,0.5,0.1234,10,True,no_reward,0.4375,0.6875,0.5312,0.3125,0.5312
1794,0.625,0,5,0.0,0.0,0.434,0.9875,0.025,30,False,never_flagged,1.0,1.0,0.9375,1.0,1.0
1799,0.25,0,5,0.0,0.0,0.434,0.525,0.167,7,False,never_flagged,0.2188,0.5,0.6562,0.6875,0.5625
1806,0.0,5,5,1.0,0.566,1.0,0.0063,0.0125,0,True,no_reward,0.0,0.0,0.0,0.0312,0.0
1809,0.5625,0,5,0.0,0.0,0.434,0.8125,0.1027,20,False,never_flagged,0.9062,0.875,0.875,0.625,0.7812
1815,0.625,0,5,0.0,0.0,0.434,0.9938,0.0125,31,False,never_flagged,1.0,1.0,1.0,0.9688,1.0
1828,0.25,0,5,0.0,0.0,0.434,0.975,0.0364,29,False,never_flagged,1.0,1.0,0.9062,0.9688,1.0
1829,0.0625,0,5,0.0,0.0,0.434,0.6375,0.1057,16,False,never_flagged,0.5,0.6562,0.8125,0.5625,0.6562
1833,0.125,0,5,0.0,0.0,0.434,0.2188,0.0625,4,False,never_flagged,0.2188,0.3125,0.125,0.25,0.1875
1834,0.1875,0,5,0.0,0.0,0.434,0.225,0.0914,4,False,never_flagged,0.125,0.2188,0.3438,0.125,0.3125
1842,0.0,5,5,1.0,0.566,1.0,0.0063,0.0125,0,True,no_reward,0.0312,0.0,0.0,0.0,0.0
1850,0.0,0,5,0.0,0.0,0.434,0.1688,0.0319,4,True,no_reward,0.1875,0.2188,0.125,0.1562,0.1562
1869,0.0625,5,5,1.0,0.566,1.0,0.025,0.0234,0,True,no_reward,0.0312,0.0,0.0312,0.0625,0.0
1881,0.5625,0,5,0.0,0.0,0.434,0.9938,0.0125,31,False,never_flagged,1.0,1.0,0.9688,1.0,1.0
1900,0.0625,0,5,0.0,0.0,0.434,0.5188,0.1335,14,False,never_flagged,0.4375,0.4375,0.4375,0.7812,0.5
1909,0.0,2,5,0.4,0.118,0.769,0.1125,0.0702,0,True,no_reward,0.0938,0.125,0.0,0.2188,0.125
1915,0.125,0,5,0.0,0.0,0.434,0.8438,0.0442,25,True,no_reward,0.9062,0.8438,0.7812,0.875,0.8125
1921,0.1875,4,5,0.8,0.376,0.964,0.0688,0.0364,1,False,boundary,0.125,0.0625,0.0312,0.0938,0.0312
1923,0.0,5,5,1.0,0.566,1.0,0.0,0.0,0,True,no_reward,0.0,0.0,0.0,0.0,0.0
1943,0.7812,0,5,0.0,0.0,0.434,1.0,0.0,32,False,never_flagged,1.0,1.0,1.0,1.0,1.0
1944,0.0,5,5,1.0,0.566,1.0,0.0,0.0,0,True,no_reward,0.0,0.0,0.0,0.0,0.0
1946,0.0312,4,5,0.8,0.376,0.964,0.0375,0.0459,0,True,no_reward,0.0,0.0312,0.0312,0.125,0.0
1965,0.5312,0,5,0.0,0.0,0.434,0.75,0.0523,22,False,never_flagged,0.6875,0.8125,0.8125,0.7188,0.7188
1969,0.5938,0,5,0.0,0.0,0.434,0.85,0.0848,23,False,never_flagged,0.7188,0.9062,0.9688,0.8438,0.8125
1971,0.3125,0,5,0.0,0.0,0.434,0.9437,0.0415,28,False,never_flagged,0.9688,0.9375,0.9375,0.875,1.0
1973,0.0,4,5,0.8,0.376,0.964,0.05,0.0852,0,True,no_reward,0.0312,0.0,0.0,0.0,0.2188
1974,0.0,5,5,1.0,0.566,1.0,0.0125,0.0153,0,True,no_reward,0.0,0.0312,0.0,0.0,0.0312
1975,0.375,0,5,0.0,0.0,0.434,0.4437,0.0306,13,False,never_flagged,0.4688,0.4688,0.4062,0.4688,0.4062
1984,0.0,4,5,0.8,0.376,0.964,0.0437,0.0468,0,True,no_reward,0.0312,0.0,0.0625,0.0,0.125
1991,0.3125,0,5,0.0,0.0,0.434,0.9625,0.0306,29,False,never_flagged,0.9688,1.0,0.9688,0.9062,0.9688
1994,0.4375,0,5,0.0,0.0,0.434,0.375,0.1843,6,False,never_flagged,0.2188,0.6875,0.4688,0.1875,0.3125
1997,0.0,5,5,1.0,0.566,1.0,0.0,0.0,0,True,no_reward,0.0,0.0,0.0,0.0,0.0
2016,0.5,0,5,0.0,0.0,0.434,0.8938,0.1075,24,False,never_flagged,0.75,1.0,0.7812,0.9375,1.0
2017,0.7812,0,5,0.0,0.0,0.434,0.9812,0.0153,31,False,never_flagged,0.9688,0.9688,1.0,0.9688,1.0
2023,0.0625,5,5,1.0,0.566,1.0,0.0625,0.0198,1,False,stable_unlearnable,0.0625,0.0625,0.0938,0.0312,0.0625
2035,0.125,0,5,0.0,0.0,0.434,0.5563,0.0696,14,False,never_flagged,0.4375,0.5312,0.625,0.5625,0.625
2037,0.0625,5,5,1.0,0.566,1.0,0.05,0.0153,1,False,stable_unlearnable,0.0625,0.0625,0.0312,0.0625,0.0312
2041,0.5312,0,5,0.0,0.0,0.434,0.9938,0.0125,31,False,never_flagged,1.0,1.0,1.0,1.0,0.9688
2048,0.0625,2,5,0.4,0.118,0.769,0.1437,0.0673,2,True,no_reward,0.0625,0.125,0.25,0.0938,0.1875
2094,0.0,1,5,0.2,0.036,0.624,0.15,0.0606,2,True,no_reward,0.0625,0.25,0.125,0.1562,0.1562
2100,0.1562,0,5,0.0,0.0,0.434,0.8562,0.0319,26,False,never_flagged,0.9062,0.8125,0.8438,0.8438,0.875
2102,0.3438,0,5,0.0,0.0,0.434,0.5687,0.1951,10,False,never_flagged,0.3125,0.4062,0.8438,0.7188,0.5625
2110,0.1562,0,5,0.0,0.0,0.434,0.8063,0.1716,15,False,never_flagged,0.9062,0.8438,0.875,0.9375,0.4688
2117,0.0,5,5,1.0,0.566,1.0,0.0,0.0,0,True,no_reward,0.0,0.0,0.0,0.0,0.0
2125,0.0,5,5,1.0,0.566,1.0,0.0312,0.028,0,True,no_reward,0.0625,0.0312,0.0,0.0,0.0625
2137,0.0312,5,5,1.0,0.566,1.0,0.0125,0.0153,0,True,no_reward,0.0,0.0,0.0,0.0312,0.0312
2142,0.0625,5,5,1.0,0.566,1.0,0.05,0.025,1,True,no_reward,0.0312,0.0312,0.0625,0.0938,0.0312
2155,0.1562,0,5,0.0,0.0,0.434,0.9875,0.025,30,False,never_flagged,1.0,1.0,1.0,0.9375,1.0
2160,0.625,0,5,0.0,0.0,0.434,0.9875,0.0153,31,False,never_flagged,1.0,1.0,0.9688,1.0,0.9688
2188,0.5,0,5,0.0,0.0,0.434,0.9938,0.0125,31,False,never_flagged,1.0,1.0,1.0,1.0,0.9688
2189,0.0,5,5,1.0,0.566,1.0,0.0187,0.025,0,True,no_reward,0.0,0.0,0.0625,0.0312,0.0
2194,0.0,4,5,0.8,0.376,0.964,0.025,0.05,0,True,no_reward,0.0,0.125,0.0,0.0,0.0
2215,0.0938,1,5,0.2,0.036,0.624,0.2375,0.0755,3,False,boundary,0.2812,0.3125,0.0938,0.25,0.25
2223,0.0312,0,5,0.0,0.0,0.434,0.4938,0.0459,14,False,never_flagged,0.5625,0.5312,0.4375,0.4688,0.4688
2226,0.5,0,5,0.0,0.0,0.434,0.9313,0.0234,29,False,never_flagged,0.9375,0.9062,0.9375,0.9688,0.9062
2229,0.5625,0,5,0.0,0.0,0.434,0.9938,0.0125,31,False,never_flagged,1.0,0.9688,1.0,1.0,1.0
2238,0.5625,0,5,0.0,0.0,0.434,0.8875,0.0781,25,False,never_flagged,0.9688,0.9688,0.8125,0.9062,0.7812
2247,0.2812,0,5,0.0,0.0,0.434,0.9375,0.0198,29,False,never_flagged,0.9375,0.9062,0.9375,0.9375,0.9688
2251,0.125,4,5,0.8,0.376,0.964,0.0813,0.0319,1,True,no_reward,0.0938,0.0312,0.0625,0.0938,0.125
2265,0.2188,0,5,0.0,0.0,0.434,0.5563,0.1574,8,False,never_flagged,0.25,0.6562,0.6875,0.5938,0.5938
2266,0.5938,0,5,0.0,0.0,0.434,0.4813,0.1829,6,False,never_flagged,0.5625,0.4688,0.75,0.4375,0.1875
2270,0.0,5,5,1.0,0.566,1.0,0.0,0.0,0,True,no_reward,0.0,0.0,0.0,0.0,0.0
2285,0.8125,0,5,0.0,0.0,0.434,0.9062,0.0713,26,False,never_flagged,0.8125,0.9062,0.9688,0.8438,1.0
2290,0.125,0,5,0.0,0.0,0.434,0.3,0.1038,4,False,never_flagged,0.2812,0.2812,0.125,0.4062,0.4062
2292,0.0938,0,5,0.0,0.0,0.434,0.5,0.2101,8,False,never_flagged,0.2812,0.5625,0.5938,0.8125,0.25
2298,0.125,0,5,0.0,0.0,0.434,0.975,0.0306,30,False,never_flagged,1.0,1.0,0.9375,0.9375,1.0
2309,0.25,0,5,0.0,0.0,0.434,0.9187,0.0781,26,False,never_flagged,0.9375,1.0,1.0,0.8125,0.8438
2310,0.7188,0,5,0.0,0.0,0.434,1.0,0.0,32,False,never_flagged,1.0,1.0,1.0,1.0,1.0
2311,0.0625,0,5,0.0,0.0,0.434,0.35,0.1417,7,False,never_flagged,0.3125,0.625,0.2188,0.3125,0.2812
2319,0.0,5,5,1.0,0.566,1.0,0.0,0.0,0,True,no_reward,0.0,0.0,0.0,0.0,0.0
2320,0.125,0,5,0.0,0.0,0.434,0.7188,0.1169,17,False,never_flagged,0.75,0.5312,0.7812,0.875,0.6562
2324,0.5,0,5,0.0,0.0,0.434,0.8375,0.1739,16,False,never_flagged,0.9375,0.5,0.8438,0.9375,0.9688
2325,0.5,0,5,0.0,0.0,0.434,0.95,0.058,27,False,never_flagged,1.0,1.0,0.8438,0.9375,0.9688
2328,0.0,5,5,1.0,0.566,1.0,0.0312,0.0,1,True,no_reward,0.0312,0.0312,0.0312,0.0312,0.0312
2341,0.0312,5,5,1.0,0.566,1.0,0.0,0.0,0,True,no_reward,0.0,0.0,0.0,0.0,0.0
2344,0.3438,0,5,0.0,0.0,0.434,0.925,0.0702,27,False,never_flagged,0.9375,0.8438,0.8438,1.0,1.0
2347,0.2812,2,5,0.4,0.118,0.769,0.1437,0.0643,2,False,boundary,0.125,0.0938,0.2188,0.0625,0.2188
2348,0.25,3,5,0.6,0.231,0.882,0.2437,0.2741,0,False,boundary,0.5625,0.5938,0.0,0.0625,0.0
2366,0.1875,0,5,0.0,0.0,0.434,0.2375,0.0852,4,False,never_flagged,0.2188,0.375,0.1875,0.125,0.2812
2371,0.0312,0,5,0.0,0.0,0.434,0.4375,0.0342,13,False,never_flagged,0.5,0.4375,0.4062,0.4062,0.4375
2375,0.3438,0,5,0.0,0.0,0.434,0.8063,0.1586,18,False,never_flagged,0.9062,1.0,0.6875,0.5625,0.875
2384,0.5,0,5,0.0,0.0,0.434,0.875,0.0625,25,False,never_flagged,0.9688,0.8438,0.9062,0.875,0.7812
2388,0.5,0,5,0.0,0.0,0.434,0.925,0.025,29,False,never_flagged,0.9688,0.9375,0.9062,0.9062,0.9062
2391,0.2188,0,5,0.0,0.0,0.434,0.6687,0.096,16,False,never_flagged,0.5,0.75,0.7188,0.75,0.625
2394,0.0938,2,5,0.4,0.118,0.769,0.0875,0.0459,1,False,boundary,0.125,0.0312,0.125,0.125,0.0312
2400,0.0312,0,5,0.0,0.0,0.434,0.6438,0.0375,19,False,never_flagged,0.5938,0.6875,0.625,0.625,0.6875
2435,0.6562,0,5,0.0,0.0,0.434,1.0,0.0,32,False,never_flagged,1.0,1.0,1.0,1.0,1.0
2436,0.4688,0,5,0.0,0.0,0.434,0.9688,0.0625,27,False,never_flagged,1.0,1.0,1.0,1.0,0.8438
2450,0.0312,5,5,1.0,0.566,1.0,0.0437,0.0424,0,False,stable_unlearnable,0.0938,0.0312,0.0,0.0938,0.0
2454,0.0312,5,5,1.0,0.566,1.0,0.0125,0.0153,0,True,no_reward,0.0312,0.0,0.0312,0.0,0.0
2456,0.0312,5,5,1.0,0.566,1.0,0.0625,0.028,1,False,stable_unlearnable,0.0938,0.0625,0.0312,0.0938,0.0312
2466,0.3125,0,5,0.0,0.0,0.434,0.3563,0.0424,9,False,never_flagged,0.375,0.375,0.4062,0.3438,0.2812
2471,0.125,0,5,0.0,0.0,0.434,0.375,0.1202,5,False,never_flagged,0.3438,0.4375,0.5,0.4375,0.1562
2474,0.0625,2,5,0.4,0.118,0.769,0.1062,0.025,2,False,boundary,0.0938,0.0625,0.125,0.125,0.125
2477,0.1875,0,5,0.0,0.0,0.434,0.7875,0.0538,23,False,never_flagged,0.8125,0.875,0.75,0.7812,0.7188
2480,0.8125,0,5,0.0,0.0,0.434,0.9938,0.0125,31,False,never_flagged,1.0,1.0,1.0,0.9688,1.0
2487,0.6562,0,5,0.0,0.0,0.434,0.9938,0.0125,31,False,never_flagged,1.0,1.0,0.9688,1.0,1.0
2495,0.1875,4,5,0.8,0.376,0.964,0.1125,0.1818,0,False,boundary,0.0,0.0,0.0,0.0938,0.4688
2499,0.1562,0,5,0.0,0.0,0.434,0.4688,0.1369,10,False,never_flagged,0.4062,0.6875,0.5625,0.375,0.3125
2505,0.7188,0,5,0.0,0.0,0.434,1.0,0.0,32,False,never_flagged,1.0,1.0,1.0,1.0,1.0
2506,0.0,5,5,1.0,0.566,1.0,0.0688,0.0234,1,False,stable_unlearnable,0.0625,0.0312,0.0625,0.0938,0.0938
2526,0.375,0,5,0.0,0.0,0.434,0.5813,0.0852,15,False,never_flagged,0.5938,0.4688,0.6875,0.5,0.6562
2555,0.0625,2,5,0.4,0.118,0.769,0.1562,0.0713,2,True,no_reward,0.1562,0.0938,0.2188,0.0625,0.25
2570,0.0312,0,5,0.0,0.0,0.434,0.55,0.1364,9,True,no_reward,0.5938,0.2812,0.5938,0.625,0.6562
2577,0.3125,0,5,0.0,0.0,0.434,0.3187,0.0824,6,False,never_flagged,0.2812,0.4062,0.4062,0.3125,0.1875
2584,0.4375,0,5,0.0,0.0,0.434,0.8688,0.0824,25,False,never_flagged,0.7812,1.0,0.875,0.7812,0.9062
2598,0.875,0,5,0.0,0.0,0.434,0.9875,0.025,30,False,never_flagged,0.9375,1.0,1.0,1.0,1.0
2601,0.0312,4,5,0.8,0.376,0.964,0.075,0.0508,0,True,no_reward,0.0938,0.0625,0.1562,0.0625,0.0
2614,0.4062,0,5,0.0,0.0,0.434,0.625,0.125,15,False,never_flagged,0.5625,0.6562,0.8438,0.5938,0.4688
2617,0.375,0,5,0.0,0.0,0.434,0.5813,0.0919,16,False,never_flagged,0.5625,0.5,0.5938,0.75,0.5
2625,0.0,5,5,1.0,0.566,1.0,0.0,0.0,0,True,no_reward,0.0,0.0,0.0,0.0,0.0
2627,0.5938,0,5,0.0,0.0,0.434,0.875,0.1118,22,False,never_flagged,0.6875,0.8125,0.9375,1.0,0.9375
2652,0.6875,0,5,0.0,0.0,0.434,0.9875,0.025,30,False,never_flagged,1.0,0.9375,1.0,1.0,1.0
2659,0.4688,0,5,0.0,0.0,0.434,0.9938,0.0125,31,False,never_flagged,1.0,1.0,0.9688,1.0,1.0
2703,0.4688,0,5,0.0,0.0,0.434,0.9875,0.0153,31,False,never_flagged,0.9688,0.9688,1.0,1.0,1.0
2705,0.2812,0,5,0.0,0.0,0.434,0.925,0.0755,25,False,never_flagged,0.9688,0.7812,0.9375,1.0,0.9375
2711,0.5938,0,5,0.0,0.0,0.434,1.0,0.0,32,False,never_flagged,1.0,1.0,1.0,1.0,1.0
2721,0.3438,0,5,0.0,0.0,0.434,0.8562,0.1796,16,False,never_flagged,0.9688,0.9062,0.9375,0.5,0.9688
2722,0.0625,0,5,0.0,0.0,0.434,0.6625,0.1417,14,False,never_flagged,0.8125,0.8125,0.6562,0.5938,0.4375
2726,0.0938,1,5,0.2,0.036,0.624,0.1688,0.0875,2,False,boundary,0.125,0.0625,0.2188,0.3125,0.125
2727,0.8125,0,5,0.0,0.0,0.434,0.975,0.0364,29,False,never_flagged,1.0,0.9062,0.9688,1.0,1.0
2729,0.125,0,5,0.0,0.0,0.434,0.725,0.08,20,False,never_flagged,0.7812,0.8438,0.7188,0.625,0.6562
2732,0.4688,0,5,0.0,0.0,0.434,0.6438,0.0805,17,False,never_flagged,0.7188,0.625,0.5938,0.75,0.5312
2752,0.0,4,5,0.8,0.376,0.964,0.0437,0.058,0,False,boundary,0.0,0.1562,0.0312,0.0,0.0312
2756,0.1875,0,5,0.0,0.0,0.434,0.7937,0.1406,17,False,never_flagged,0.7812,0.875,0.8438,0.9375,0.5312
2768,0.8125,0,5,0.0,0.0,0.434,1.0,0.0,32,False,never_flagged,1.0,1.0,1.0,1.0,1.0
2772,0.75,0,5,0.0,0.0,0.434,0.9875,0.025,30,False,never_flagged,0.9375,1.0,1.0,1.0,1.0
2783,0.0,5,5,1.0,0.566,1.0,0.0063,0.0125,0,True,no_reward,0.0,0.0,0.0,0.0,0.0312
2788,0.8125,0,5,0.0,0.0,0.434,0.9875,0.0153,31,False,never_flagged,1.0,0.9688,1.0,0.9688,1.0
2801,0.75,0,5,0.0,0.0,0.434,1.0,0.0,32,False,never_flagged,1.0,1.0,1.0,1.0,1.0
2815,0.0625,0,5,0.0,0.0,0.434,0.4,0.0606,11,False,never_flagged,0.375,0.3438,0.3438,0.5,0.4375
2819,0.0625,0,5,0.0,0.0,0.434,0.6312,0.1361,12,False,never_flagged,0.6562,0.6875,0.6562,0.7812,0.375
2824,0.375,1,5,0.2,0.036,0.624,0.3125,0.2147,1,False,boundary,0.0312,0.4375,0.6562,0.2188,0.2188
2839,0.4688,0,5,0.0,0.0,0.434,0.9688,0.0395,29,False,never_flagged,0.9062,1.0,0.9375,1.0,1.0
2840,0.0625,0,5,0.0,0.0,0.434,0.2625,0.0852,5,False,never_flagged,0.3438,0.1875,0.375,0.1562,0.25
2846,0.0,5,5,1.0,0.566,1.0,0.0063,0.0125,0,True,no_reward,0.0,0.0312,0.0,0.0,0.0
2856,0.0312,0,5,0.0,0.0,0.434,0.4062,0.0948,11,False,never_flagged,0.5938,0.3438,0.3438,0.375,0.375
2858,0.625,0,5,0.0,0.0,0.434,0.7937,0.132,21,False,never_flagged,1.0,0.6562,0.6562,0.7812,0.875
2863,0.5,0,5,0.0,0.0,0.434,0.55,0.1349,10,False,never_flagged,0.3125,0.6562,0.5,0.6875,0.5938
2878,0.625,0,5,0.0,0.0,0.434,0.7063,0.058,21,False,never_flagged,0.7188,0.6562,0.6562,0.8125,0.6875
2882,0.0938,4,5,0.8,0.376,0.964,0.075,0.0319,1,False,boundary,0.0625,0.125,0.0625,0.0938,0.0312
2887,0.8125,0,5,0.0,0.0,0.434,1.0,0.0,32,False,never_flagged,1.0,1.0,1.0,1.0,1.0
2890,0.0,5,5,1.0,0.566,1.0,0.0,0.0,0,True,no_reward,0.0,0.0,0.0,0.0,0.0
2892,0.0312,5,5,1.0,0.566,1.0,0.0312,0.0198,0,True,no_reward,0.0312,0.0312,0.0,0.0625,0.0312
2903,0.625,0,5,0.0,0.0,0.434,1.0,0.0,32,False,never_flagged,1.0,1.0,1.0,1.0,1.0
2911,0.0312,5,5,1.0,0.566,1.0,0.025,0.0125,0,True,no_reward,0.0312,0.0,0.0312,0.0312,0.0312
2913,0.0312,2,5,0.4,0.118,0.769,0.1187,0.0848,0,False,boundary,0.0625,0.125,0.25,0.0,0.1562
2914,0.1875,0,5,0.0,0.0,0.434,0.7625,0.1163,18,False,never_flagged,0.5625,0.9062,0.75,0.75,0.8438
2916,0.5938,0,5,0.0,0.0,0.434,0.825,0.1551,17,False,never_flagged,0.9062,0.8125,0.5312,0.9688,0.9062
2920,0.0625,0,5,0.0,0.0,0.434,0.4,0.0776,10,False,never_flagged,0.3125,0.4688,0.5,0.4062,0.3125
2930,0.4688,0,5,0.0,0.0,0.434,0.9875,0.0153,31,False,never_flagged,1.0,1.0,1.0,0.9688,0.9688
2943,0.5938,0,5,0.0,0.0,0.434,0.9938,0.0125,31,False,never_flagged,0.9688,1.0,1.0,1.0,1.0
2967,0.2188,0,5,0.0,0.0,0.434,0.7812,0.0593,23,False,never_flagged,0.7188,0.875,0.7812,0.8125,0.7188
2971,0.0,5,5,1.0,0.566,1.0,0.0312,0.0198,0,True,no_reward,0.0312,0.0625,0.0,0.0312,0.0312
2974,0.0,5,5,1.0,0.566,1.0,0.0,0.0,0,True,no_reward,0.0,0.0,0.0,0.0,0.0
2979,0.0,4,5,0.8,0.376,0.964,0.075,0.0508,0,False,boundary,0.0938,0.0625,0.0,0.1562,0.0625
2980,0.0312,1,5,0.2,0.036,0.624,0.2375,0.0919,3,False,boundary,0.375,0.2188,0.2188,0.0938,0.2812
2986,0.0625,0,5,0.0,0.0,0.434,0.3625,0.1433,4,True,no_reward,0.5,0.125,0.4062,0.5,0.2812
3005,0.0312,2,5,0.4,0.118,0.769,0.1688,0.0643,3,False,boundary,0.25,0.1875,0.0938,0.0938,0.2188
3029,0.3125,0,5,0.0,0.0,0.434,0.925,0.0805,25,False,never_flagged,0.9062,1.0,0.7812,1.0,0.9375
3032,0.0312,3,5,0.6,0.231,0.882,0.0813,0.0375,1,False,boundary,0.0625,0.125,0.125,0.0625,0.0312
3044,0.375,0,5,0.0,0.0,0.434,0.2375,0.058,4,False,never_flagged,0.2812,0.25,0.125,0.2812,0.25
3058,0.0,5,5,1.0,0.566,1.0,0.0,0.0,0,True,no_reward,0.0,0.0,0.0,0.0,0.0
3060,0.4062,0,5,0.0,0.0,0.434,0.9563,0.0424,29,False,never_flagged,0.9062,0.9062,1.0,0.9688,1.0
3070,0.0312,5,5,1.0,0.566,1.0,0.0187,0.0153,0,True,no_reward,0.0312,0.0312,0.0312,0.0,0.0
3074,0.1562,0,5,0.0,0.0,0.434,0.4125,0.1256,9,False,never_flagged,0.5312,0.3125,0.2812,0.5938,0.3438
3105,0.0,5,5,1.0,0.566,1.0,0.0,0.0,0,True,no_reward,0.0,0.0,0.0,0.0,0.0
3109,0.0312,5,5,1.0,0.566,1.0,0.0312,0.028,0,True,no_reward,0.0312,0.0625,0.0,0.0,0.0625
3110,0.4688,0,5,0.0,0.0,0.434,0.925,0.0612,28,False,never_flagged,0.875,0.875,1.0,1.0,0.875
3119,0.25,0,5,0.0,0.0,0.434,0.8313,0.0508,24,False,never_flagged,0.9062,0.75,0.8438,0.8125,0.8438
3122,0.0,4,5,0.8,0.376,0.964,0.0688,0.0415,0,False,boundary,0.0,0.0625,0.125,0.0625,0.0938
3124,0.5312,0,5,0.0,0.0,0.434,0.9875,0.0153,31,False,never_flagged,0.9688,0.9688,1.0,1.0,1.0
3147,0.2812,0,5,0.0,0.0,0.434,0.4062,0.028,12,False,never_flagged,0.4375,0.4062,0.4375,0.375,0.375
3162,0.25,0,5,0.0,0.0,0.434,0.3688,0.0914,9,False,never_flagged,0.3125,0.3125,0.5312,0.4062,0.2812
3166,0.0625,5,5,1.0,0.566,1.0,0.05,0.0319,0,False,stable_unlearnable,0.0938,0.0625,0.0312,0.0625,0.0
3179,0.0,5,5,1.0,0.566,1.0,0.0063,0.0125,0,True,no_reward,0.0,0.0,0.0312,0.0,0.0
3184,0.4062,0,5,0.0,0.0,0.434,0.675,0.1818,15,False,never_flagged,0.5625,0.4688,0.8438,0.5625,0.9375
3186,0.2188,0,5,0.0,0.0,0.434,0.6562,0.0523,18,False,never_flagged,0.7188,0.6562,0.5625,0.6875,0.6562
3191,0.0,3,5,0.6,0.231,0.882,0.1,0.05,1,True,no_reward,0.0625,0.0938,0.0312,0.1562,0.1562
3197,0.0,5,5,1.0,0.566,1.0,0.0,0.0,0,False,stable_unlearnable,0.0,0.0,0.0,0.0,0.0
3204,0.125,0,5,0.0,0.0,0.434,0.3,0.1093,6,False,never_flagged,0.375,0.2812,0.1875,0.4688,0.1875
3210,0.1562,0,5,0.0,0.0,0.434,0.675,0.094,17,False,never_flagged,0.5312,0.625,0.8125,0.7188,0.6875
3212,0.0,5,5,1.0,0.566,1.0,0.0312,0.0342,0,True,no_reward,0.0,0.0938,0.0312,0.0312,0.0
3222,0.0312,2,5,0.4,0.118,0.769,0.15,0.0776,2,False,boundary,0.2188,0.1562,0.0625,0.25,0.0625
3226,0.2812,0,5,0.0,0.0,0.434,0.3063,0.0415,8,False,never_flagged,0.3125,0.375,0.3125,0.2812,0.25
3235,0.0938,2,5,0.4,0.118,0.769,0.2062,0.1163,3,False,boundary,0.25,0.0938,0.4062,0.0938,0.1875
3270,0.0,5,5,1.0,0.566,1.0,0.075,0.025,1,True,no_reward,0.0625,0.0938,0.0938,0.0312,0.0938
3277,0.0,3,5,0.6,0.231,0.882,0.0875,0.05,1,False,boundary,0.1562,0.125,0.0312,0.0312,0.0938
3287,0.7188,0,5,0.0,0.0,0.434,0.7125,0.0996,19,False,never_flagged,0.5938,0.75,0.625,0.7188,0.875
3289,0.0,0,5,0.0,0.0,0.434,0.4062,0.0559,11,False,never_flagged,0.3438,0.375,0.5,0.375,0.4375
3291,0.0,4,5,0.8,0.376,0.964,0.05,0.0508,0,True,no_reward,0.0,0.0,0.125,0.0312,0.0938
3309,0.4062,0,5,0.0,0.0,0.434,0.7312,0.1128,18,False,never_flagged,0.7188,0.7812,0.6875,0.9062,0.5625
3317,0.1875,0,5,0.0,0.0,0.434,0.6125,0.205,9,False,never_flagged,0.7188,0.4688,0.2812,0.8125,0.7812
3318,0.375,0,5,0.0,0.0,0.434,0.3937,0.0852,9,False,never_flagged,0.4062,0.4688,0.2812,0.5,0.3125
3319,0.9062,0,5,0.0,0.0,0.434,1.0,0.0,32,False,never_flagged,1.0,1.0,1.0,1.0,1.0
3324,0.0312,5,5,1.0,0.566,1.0,0.0,0.0,0,False,stable_unlearnable,0.0,0.0,0.0,0.0,0.0
3334,0.375,0,5,0.0,0.0,0.434,0.3937,0.0643,10,False,never_flagged,0.375,0.3125,0.3438,0.4688,0.4688
3340,0.0312,2,5,0.4,0.118,0.769,0.1187,0.0606,1,True,no_reward,0.2188,0.0312,0.125,0.0938,0.125
3341,0.7812,0,5,0.0,0.0,0.434,0.9437,0.0459,28,False,never_flagged,0.9688,1.0,0.875,0.9688,0.9062
3344,0.4375,0,5,0.0,0.0,0.434,1.0,0.0,32,False,never_flagged,1.0,1.0,1.0,1.0,1.0
3346,0.0938,5,5,1.0,0.566,1.0,0.0,0.0,0,True,no_reward,0.0,0.0,0.0,0.0,0.0
3347,0.0312,2,5,0.4,0.118,0.769,0.2812,0.2192,1,False,boundary,0.0312,0.0312,0.4688,0.5625,0.3125
3349,0.2812,0,5,0.0,0.0,0.434,0.8688,0.0606,25,False,never_flagged,0.8438,0.7812,0.9375,0.8438,0.9375
3350,0.7812,0,5,0.0,0.0,0.434,0.975,0.0364,29,False,never_flagged,1.0,0.9688,1.0,1.0,0.9062
3351,0.125,0,5,0.0,0.0,0.434,0.525,0.1302,11,False,never_flagged,0.4062,0.5625,0.6875,0.625,0.3438
3358,0.3125,0,5,0.0,0.0,0.434,0.5,0.1311,10,False,never_flagged,0.4688,0.7188,0.5312,0.4688,0.3125
3363,0.0625,0,5,0.0,0.0,0.434,0.175,0.0508,4,False,never_flagged,0.125,0.2188,0.125,0.1562,0.25
3366,0.0938,2,5,0.4,0.118,0.769,0.2188,0.1169,2,False,boundary,0.0938,0.3125,0.2812,0.3438,0.0625
3372,0.8125,0,5,0.0,0.0,0.434,1.0,0.0,32,False,never_flagged,1.0,1.0,1.0,1.0,1.0
3378,0.0,5,5,1.0,0.566,1.0,0.0063,0.0125,0,True,no_reward,0.0,0.0,0.0,0.0,0.0312
3407,0.0,5,5,1.0,0.566,1.0,0.0,0.0,0,True,no_reward,0.0,0.0,0.0,0.0,0.0
3418,0.3125,0,5,0.0,0.0,0.434,0.9375,0.0442,28,False,never_flagged,0.9688,0.9062,1.0,0.875,0.9375
3424,0.0,5,5,1.0,0.566,1.0,0.0,0.0,0,True,no_reward,0.0,0.0,0.0,0.0,0.0
3428,0.6562,0,5,0.0,0.0,0.434,0.9875,0.025,30,False,never_flagged,1.0,1.0,1.0,0.9375,1.0
3437,0.0312,0,5,0.0,0.0,0.434,0.2313,0.058,5,False,never_flagged,0.1875,0.3125,0.1562,0.2188,0.2812
3442,0.1562,0,5,0.0,0.0,0.434,0.7,0.1378,14,False,never_flagged,0.8438,0.4375,0.75,0.7188,0.75
3449,0.3125,0,5,0.0,0.0,0.434,0.6562,0.0839,18,False,never_flagged,0.625,0.6562,0.5625,0.8125,0.625
3451,0.0625,0,5,0.0,0.0,0.434,0.6062,0.1075,15,False,never_flagged,0.625,0.75,0.6875,0.4688,0.5
3455,0.6562,0,5,0.0,0.0,0.434,0.9563,0.0319,29,False,never_flagged,0.9062,0.9688,0.9375,1.0,0.9688
3458,0.0625,5,5,1.0,0.566,1.0,0.0625,0.0342,0,False,stable_unlearnable,0.0938,0.0625,0.0625,0.0938,0.0
3482,0.0,5,5,1.0,0.566,1.0,0.0,0.0,0,True,no_reward,0.0,0.0,0.0,0.0,0.0
3490,0.0,5,5,1.0,0.566,1.0,0.0063,0.0125,0,True,no_reward,0.0,0.0,0.0,0.0,0.0312
3493,0.0,5,5,1.0,0.566,1.0,0.0063,0.0125,0,True,no_reward,0.0,0.0,0.0312,0.0,0.0
3500,0.25,0,5,0.0,0.0,0.434,0.8688,0.0914,23,False,never_flagged,0.9062,0.8125,0.9688,0.9375,0.7188
3502,0.4062,0,5,0.0,0.0,0.434,0.925,0.0508,27,False,never_flagged,1.0,0.9062,0.8438,0.9375,0.9375
3509,0.2812,1,5,0.2,0.036,0.624,0.4625,0.2691,3,False,boundary,0.0938,0.6875,0.75,0.5938,0.1875
3516,0.0,0,5,0.0,0.0,0.434,0.2,0.0424,5,True,no_reward,0.1562,0.1562,0.1875,0.25,0.25
3526,0.3125,0,5,0.0,0.0,0.434,0.8562,0.025,26,False,never_flagged,0.8438,0.875,0.875,0.8125,0.875
3537,0.0,5,5,1.0,0.566,1.0,0.0437,0.025,0,False,stable_unlearnable,0.0625,0.0,0.0312,0.0625,0.0625
3538,0.5312,0,5,0.0,0.0,0.434,0.9625,0.0364,29,False,never_flagged,1.0,0.9688,0.9375,0.9062,1.0
3544,0.0,5,5,1.0,0.566,1.0,0.0063,0.0125,0,True,no_reward,0.0,0.0,0.0,0.0,0.0312
3546,0.125,2,5,0.4,0.118,0.769,0.1938,0.0996,2,True,no_reward,0.2188,0.0625,0.2812,0.3125,0.0938
3547,0.875,0,5,0.0,0.0,0.434,1.0,0.0,32,False,never_flagged,1.0,1.0,1.0,1.0,1.0
3549,0.0,5,5,1.0,0.566,1.0,0.0,0.0,0,True,no_reward,0.0,0.0,0.0,0.0,0.0
3574,0.0938,0,5,0.0,0.0,0.434,0.4,0.0996,9,False,never_flagged,0.4062,0.2812,0.3125,0.4375,0.5625
3583,0.0,5,5,1.0,0.566,1.0,0.0,0.0,0,True,no_reward,0.0,0.0,0.0,0.0,0.0
3597,0.2188,0,5,0.0,0.0,0.434,0.7625,0.0829,21,False,never_flagged,0.7812,0.6562,0.7188,0.75,0.9062
3605,0.3125,0,5,0.0,0.0,0.434,0.65,0.0824,16,False,never_flagged,0.6875,0.7188,0.7188,0.5,0.625
3617,0.0,5,5,1.0,0.566,1.0,0.0125,0.0153,0,True,no_reward,0.0,0.0,0.0,0.0312,0.0312
3626,0.0938,5,5,1.0,0.566,1.0,0.0563,0.0234,1,False,stable_unlearnable,0.0625,0.0312,0.0938,0.0312,0.0625
3633,0.0938,5,5,1.0,0.566,1.0,0.0437,0.025,0,False,stable_unlearnable,0.0625,0.0625,0.0312,0.0,0.0625
3645,0.3438,0,5,0.0,0.0,0.434,0.6937,0.1108,17,False,never_flagged,0.5312,0.8125,0.7812,0.5938,0.75
3655,0.6875,0,5,0.0,0.0,0.434,1.0,0.0,32,False,never_flagged,1.0,1.0,1.0,1.0,1.0
3658,0.0938,0,5,0.0,0.0,0.434,0.7375,0.1447,15,False,never_flagged,0.7812,0.4688,0.875,0.7188,0.8438
3660,0.3125,0,5,0.0,0.0,0.434,1.0,0.0,32,False,never_flagged,1.0,1.0,1.0,1.0,1.0
3667,0.3438,0,5,0.0,0.0,0.434,0.85,0.1225,20,False,never_flagged,0.9375,0.9375,0.8125,0.9375,0.625
3670,0.0,5,5,1.0,0.566,1.0,0.0437,0.0424,0,True,no_reward,0.0,0.0,0.0938,0.0312,0.0938
3681,0.1562,0,5,0.0,0.0,0.434,0.4813,0.1259,9,False,never_flagged,0.5,0.4062,0.5938,0.2812,0.625
3682,0.125,0,5,0.0,0.0,0.434,0.525,0.1431,11,False,never_flagged,0.7812,0.3438,0.4688,0.5312,0.5
3687,0.1875,0,5,0.0,0.0,0.434,0.7562,0.1159,21,False,never_flagged,0.6562,0.9688,0.6562,0.7812,0.7188
3691,0.0938,0,5,0.0,0.0,0.434,0.6312,0.109,16,False,never_flagged,0.5,0.75,0.5,0.7188,0.6875
3700,0.7188,0,5,0.0,0.0,0.434,0.9563,0.0875,25,False,never_flagged,1.0,1.0,1.0,0.7812,1.0
3703,0.3125,0,5,0.0,0.0,0.434,0.8438,0.0484,24,False,never_flagged,0.875,0.8438,0.75,0.875,0.875
3718,0.0625,4,5,0.8,0.376,0.964,0.0563,0.0459,0,True,no_reward,0.0312,0.0938,0.125,0.0312,0.0
3719,0.125,1,5,0.2,0.036,0.624,0.1812,0.0723,3,True,no_reward,0.1562,0.2812,0.0938,0.125,0.25
3720,0.0625,5,5,1.0,0.566,1.0,0.0063,0.0125,0,True,no_reward,0.0312,0.0,0.0,0.0,0.0
3725,0.0,4,5,0.8,0.376,0.964,0.0688,0.0459,0,False,boundary,0.0312,0.0,0.0938,0.0938,0.125
3743,0.6562,0,5,0.0,0.0,0.434,0.925,0.0702,26,False,never_flagged,0.8125,1.0,0.9062,0.9062,1.0
3759,0.0,4,5,0.8,0.376,0.964,0.0563,0.05,1,True,no_reward,0.0312,0.0312,0.1562,0.0312,0.0312
3773,0.0625,0,5,0.0,0.0,0.434,0.3875,0.1019,8,False,never_flagged,0.2812,0.4688,0.25,0.5,0.4375
3776,0.3438,0,5,0.0,0.0,0.434,0.7562,0.0935,19,False,never_flagged,0.875,0.75,0.8125,0.5938,0.75
3779,0.1562,1,5,0.2,0.036,0.624,0.3125,0.2404,0,False,boundary,0.1875,0.0,0.625,0.5625,0.1875
3798,0.0625,0,5,0.0,0.0,0.434,0.2313,0.0508,5,False,never_flagged,0.25,0.1562,0.2188,0.3125,0.2188
3799,0.4062,0,5,0.0,0.0,0.434,0.3875,0.0852,10,False,never_flagged,0.3125,0.4375,0.3438,0.3125,0.5312
3800,0.2188,0,5,0.0,0.0,0.434,0.4188,0.0424,12,False,never_flagged,0.4062,0.375,0.4062,0.4062,0.5
3802,0.0625,1,5,0.2,0.036,0.624,0.3438,0.2165,3,True,no_reward,0.2812,0.5312,0.1562,0.0938,0.6562
3814,0.0,5,5,1.0,0.566,1.0,0.0187,0.025,0,True,no_reward,0.0,0.0312,0.0,0.0625,0.0
3816,0.4375,0,5,0.0,0.0,0.434,0.3937,0.0875,8,False,never_flagged,0.375,0.375,0.5,0.25,0.4688
3821,0.375,0,5,0.0,0.0,0.434,0.9938,0.0125,31,False,never_flagged,1.0,0.9688,1.0,1.0,1.0
3827,0.1875,0,5,0.0,0.0,0.434,1.0,0.0,32,False,never_flagged,1.0,1.0,1.0,1.0,1.0
3845,0.0938,4,5,0.8,0.376,0.964,0.05,0.0424,0,False,boundary,0.0312,0.125,0.0625,0.0,0.0312
3848,0.1875,0,5,0.0,0.0,0.434,0.2437,0.0459,6,False,never_flagged,0.3125,0.1875,0.2188,0.2188,0.2812
3852,0.4688,0,5,0.0,0.0,0.434,0.975,0.0306,30,False,never_flagged,0.9375,1.0,1.0,0.9375,1.0
3856,0.5938,0,5,0.0,0.0,0.434,0.8375,0.075,24,False,never_flagged,0.9375,0.75,0.875,0.875,0.75
3860,0.0312,5,5,1.0,0.566,1.0,0.025,0.0364,0,True,no_reward,0.0,0.0,0.0,0.0938,0.0312
3868,0.25,1,5,0.2,0.036,0.624,0.1313,0.0306,3,False,boundary,0.1875,0.0938,0.125,0.125,0.125
3877,0.3438,0,5,0.0,0.0,0.434,0.8125,0.0593,23,False,never_flagged,0.7188,0.7812,0.875,0.8125,0.875
3878,0.0938,3,5,0.6,0.231,0.882,0.1187,0.0723,1,False,boundary,0.0938,0.25,0.125,0.0312,0.0938
3892,0.0,5,5,1.0,0.566,1.0,0.0125,0.0153,0,True,no_reward,0.0312,0.0,0.0312,0.0,0.0
3902,0.0,5,5,1.0,0.566,1.0,0.025,0.0234,0,False,stable_unlearnable,0.0,0.0312,0.0625,0.0,0.0312
3911,0.125,0,5,0.0,0.0,0.434,0.35,0.1035,7,False,never_flagged,0.4062,0.25,0.375,0.5,0.2188
3930,0.0,5,5,1.0,0.566,1.0,0.0125,0.0153,0,True,no_reward,0.0,0.0,0.0312,0.0312,0.0
3946,0.0,1,5,0.2,0.036,0.624,0.1187,0.0637,0,True,no_reward,0.125,0.125,0.1562,0.0,0.1875
3947,0.2188,0,5,0.0,0.0,0.434,0.5875,0.0976,15,False,never_flagged,0.7188,0.5312,0.4688,0.6875,0.5312
3951,0.25,0,5,0.0,0.0,0.434,0.5437,0.0852,13,False,never_flagged,0.4062,0.5938,0.5,0.5625,0.6562
3957,0.0,5,5,1.0,0.566,1.0,0.0,0.0,0,True,no_reward,0.0,0.0,0.0,0.0,0.0
3962,0.0312,5,5,1.0,0.566,1.0,0.0187,0.0153,0,True,no_reward,0.0,0.0,0.0312,0.0312,0.0312
3970,0.4688,0,5,0.0,0.0,0.434,0.9625,0.05,28,False,never_flagged,1.0,0.875,1.0,1.0,0.9375
3971,0.0,5,5,1.0,0.566,1.0,0.0187,0.0153,0,True,no_reward,0.0,0.0,0.0312,0.0312,0.0312
3974,0.0,5,5,1.0,0.566,1.0,0.05,0.0319,0,True,no_reward,0.0,0.0625,0.0312,0.0938,0.0625
3991,0.5625,0,5,0.0,0.0,0.434,0.5687,0.1598,13,False,never_flagged,0.5312,0.875,0.5,0.4062,0.5312
4008,0.75,0,5,0.0,0.0,0.434,0.9812,0.0375,29,False,never_flagged,1.0,1.0,1.0,0.9062,1.0
4013,0.1562,2,5,0.4,0.118,0.769,0.15,0.0996,2,False,boundary,0.0938,0.125,0.125,0.3438,0.0625
4016,0.2188,0,5,0.0,0.0,0.434,0.325,0.0319,9,False,never_flagged,0.2812,0.375,0.3438,0.3125,0.3125
4033,0.6875,0,5,0.0,0.0,0.434,1.0,0.0,32,False,never_flagged,1.0,1.0,1.0,1.0,1.0
4048,0.3438,0,5,0.0,0.0,0.434,0.2875,0.08,6,False,never_flagged,0.2812,0.2188,0.4062,0.1875,0.3438
4055,0.0,3,5,0.6,0.231,0.882,0.1437,0.1752,0,True,no_reward,0.1875,0.0312,0.0,0.4688,0.0312
4058,0.1562,1,5,0.2,0.036,0.624,0.1625,0.0637,3,True,no_reward,0.1562,0.1562,0.0938,0.125,0.2812
4079,0.0312,2,5,0.4,0.118,0.769,0.125,0.0559,1,True,no_reward,0.1562,0.1875,0.0312,0.1562,0.0938
4089,0.0,5,5,1.0,0.566,1.0,0.025,0.0234,0,True,no_reward,0.0,0.0625,0.0,0.0312,0.0312
4106,0.3438,0,5,0.0,0.0,0.434,0.4875,0.1661,7,False,never_flagged,0.2188,0.375,0.625,0.5625,0.6562
4137,0.0,5,5,1.0,0.566,1.0,0.0,0.0,0,True,no_reward,0.0,0.0,0.0,0.0,0.0
4158,0.4375,0,5,0.0,0.0,0.434,0.6188,0.0914,16,False,never_flagged,0.5312,0.6562,0.5,0.75,0.6562
4160,0.3438,0,5,0.0,0.0,0.434,0.8313,0.1349,20,False,never_flagged,0.9688,0.9375,0.625,0.7188,0.9062
4170,0.0625,2,5,0.4,0.118,0.769,0.125,0.0442,2,False,boundary,0.125,0.1562,0.0938,0.1875,0.0625
4172,0.0,5,5,1.0,0.566,1.0,0.0,0.0,0,True,no_reward,0.0,0.0,0.0,0.0,0.0
4184,0.7812,0,5,0.0,0.0,0.434,0.825,0.3346,5,False,never_flagged,0.9688,1.0,0.1562,1.0,1.0
4192,0.1875,0,5,0.0,0.0,0.434,0.8875,0.1093,22,False,never_flagged,0.9688,0.6875,1.0,0.875,0.9062
4193,0.2812,1,5,0.2,0.036,0.624,0.2125,0.1192,1,False,boundary,0.0312,0.3438,0.1875,0.1562,0.3438
4194,0.0938,0,5,0.0,0.0,0.434,0.475,0.1646,8,False,never_flagged,0.625,0.6562,0.25,0.3125,0.5312
4197,0.5938,0,5,0.0,0.0,0.434,0.9125,0.1035,23,False,never_flagged,1.0,0.9375,1.0,0.9062,0.7188
4199,0.0,5,5,1.0,0.566,1.0,0.0125,0.025,0,True,no_reward,0.0625,0.0,0.0,0.0,0.0
4207,0.625,0,5,0.0,0.0,0.434,1.0,0.0,32,False,never_flagged,1.0,1.0,1.0,1.0,1.0
4220,0.0,5,5,1.0,0.566,1.0,0.0063,0.0125,0,True,no_reward,0.0,0.0,0.0312,0.0,0.0
4227,0.0938,0,5,0.0,0.0,0.434,0.5312,0.0765,13,False,never_flagged,0.5312,0.625,0.5,0.5938,0.4062
4230,0.0312,1,5,0.2,0.036,0.624,0.3125,0.2101,0,False,boundary,0.3438,0.6562,0.25,0.0,0.3125
4234,0.0625,0,5,0.0,0.0,0.434,0.4,0.1716,4,False,never_flagged,0.125,0.5625,0.5938,0.4062,0.3125
4236,0.75,0,5,0.0,0.0,0.434,0.9313,0.0696,26,False,never_flagged,1.0,1.0,0.9375,0.8125,0.9062
4244,0.5938,0,5,0.0,0.0,0.434,0.6625,0.0606,18,False,never_flagged,0.6875,0.7188,0.5625,0.7188,0.625
4251,0.4062,0,5,0.0,0.0,0.434,0.9688,0.0198,30,False,never_flagged,0.9688,1.0,0.9375,0.9688,0.9688
4287,0.5625,0,5,0.0,0.0,0.434,0.9938,0.0125,31,False,never_flagged,1.0,0.9688,1.0,1.0,1.0
4289,0.1562,0,5,0.0,0.0,0.434,0.6813,0.1108,18,False,never_flagged,0.7812,0.8438,0.5625,0.625,0.5938
4302,0.375,0,5,0.0,0.0,0.434,0.9938,0.0125,31,False,never_flagged,1.0,0.9688,1.0,1.0,1.0
4303,0.0,5,5,1.0,0.566,1.0,0.0063,0.0125,0,True,no_reward,0.0312,0.0,0.0,0.0,0.0
4304,0.0,5,5,1.0,0.566,1.0,0.0063,0.0125,0,True,no_reward,0.0,0.0,0.0,0.0312,0.0
4306,0.7812,0,5,0.0,0.0,0.434,1.0,0.0,32,False,never_flagged,1.0,1.0,1.0,1.0,1.0
4311,0.1562,5,5,1.0,0.566,1.0,0.025,0.0306,0,True,no_reward,0.0,0.0,0.0625,0.0625,0.0
4317,0.0,5,5,1.0,0.566,1.0,0.0125,0.025,0,True,no_reward,0.0,0.0,0.0,0.0625,0.0
4322,0.6875,0,5,0.0,0.0,0.434,0.8313,0.0755,23,False,never_flagged,0.7812,0.875,0.8438,0.7188,0.9375
4325,0.2812,1,5,0.2,0.036,0.624,0.1688,0.0673,2,False,boundary,0.125,0.0625,0.25,0.1875,0.2188
4335,0.5938,0,5,0.0,0.0,0.434,0.9313,0.0667,26,False,never_flagged,0.9688,1.0,0.9688,0.9062,0.8125
4339,0.5312,0,5,0.0,0.0,0.434,0.7937,0.129,20,False,never_flagged,0.7812,0.6875,0.9688,0.625,0.9062
4342,0.0312,5,5,1.0,0.566,1.0,0.0437,0.0153,1,False,stable_unlearnable,0.0312,0.0312,0.0625,0.0625,0.0312
4343,0.4375,0,5,0.0,0.0,0.434,0.6625,0.0956,16,False,never_flagged,0.625,0.5,0.7188,0.6875,0.7812
4363,0.7812,0,5,0.0,0.0,0.434,0.9875,0.0153,31,False,never_flagged,1.0,0.9688,1.0,0.9688,1.0
4372,0.0,5,5,1.0,0.566,1.0,0.0,0.0,0,True,no_reward,0.0,0.0,0.0,0.0,0.0
4386,0.2188,0,5,0.0,0.0,0.434,0.4,0.0306,11,False,never_flagged,0.4062,0.4062,0.3438,0.4062,0.4375
4389,0.625,0,5,0.0,0.0,0.434,0.875,0.0927,24,False,never_flagged,0.9688,0.9062,0.7812,0.9688,0.75
4404,0.0,2,5,0.4,0.118,0.769,0.3937,0.3466,0,True,no_reward,0.0,0.375,0.5938,0.9375,0.0625
4405,0.1562,1,5,0.2,0.036,0.624,0.2188,0.0988,2,False,boundary,0.2812,0.25,0.0625,0.3438,0.1562
4417,0.125,5,5,1.0,0.566,1.0,0.0312,0.028,0,False,stable_unlearnable,0.0,0.0625,0.0625,0.0,0.0312
4422,0.9375,0,5,0.0,0.0,0.434,1.0,0.0,32,False,never_flagged,1.0,1.0,1.0,1.0,1.0
4424,0.25,0,5,0.0,0.0,0.434,0.725,0.0459,21,False,never_flagged,0.75,0.7812,0.75,0.6562,0.6875
4426,0.0,5,5,1.0,0.566,1.0,0.0,0.0,0,True,no_reward,0.0,0.0,0.0,0.0,0.0
4431,0.0,0,5,0.0,0.0,0.434,0.5938,0.1466,11,False,never_flagged,0.7188,0.75,0.3438,0.625,0.5312
4442,0.3438,0,5,0.0,0.0,0.434,0.4938,0.191,8,False,never_flagged,0.5938,0.2812,0.625,0.7188,0.25
4448,0.0312,5,5,1.0,0.566,1.0,0.025,0.0364,0,True,no_reward,0.0312,0.0,0.0938,0.0,0.0
4449,0.0,2,5,0.4,0.118,0.769,0.0938,0.0685,0,False,boundary,0.125,0.0312,0.0,0.1875,0.125
4451,0.375,0,5,0.0,0.0,0.434,0.8688,0.0637,25,False,never_flagged,0.8438,0.9688,0.9062,0.8438,0.7812
4495,0.5312,0,5,0.0,0.0,0.434,0.7,0.1564,17,False,never_flagged,0.6875,0.5312,0.75,0.5625,0.9688
4502,0.0312,5,5,1.0,0.566,1.0,0.0187,0.025,0,True,no_reward,0.0,0.0,0.0312,0.0,0.0625
4506,0.0312,1,5,0.2,0.036,0.624,0.2188,0.0765,3,True,no_reward,0.1875,0.2812,0.0938,0.2188,0.3125
4510,0.2188,0,5,0.0,0.0,0.434,0.9,0.1256,21,False,never_flagged,0.9062,0.6562,0.9688,0.9688,1.0
4515,0.4688,0,5,0.0,0.0,0.434,0.8625,0.0508,26,False,never_flagged,0.8438,0.8125,0.9062,0.8125,0.9375
4517,0.7812,0,5,0.0,0.0,0.434,1.0,0.0,32,False,never_flagged,1.0,1.0,1.0,1.0,1.0
4525,0.1875,0,5,0.0,0.0,0.434,0.6438,0.1228,16,False,never_flagged,0.7188,0.5938,0.8438,0.5,0.5625
4533,0.75,0,5,0.0,0.0,0.434,0.9938,0.0125,31,False,never_flagged,1.0,1.0,1.0,0.9688,1.0
4544,0.0625,2,5,0.4,0.118,0.769,0.1437,0.0643,2,False,boundary,0.125,0.0625,0.0938,0.2188,0.2188
4552,0.5,0,5,0.0,0.0,0.434,0.5125,0.1707,8,False,never_flagged,0.25,0.5938,0.375,0.6562,0.6875
4557,0.0625,5,5,1.0,0.566,1.0,0.0437,0.025,0,True,no_reward,0.0625,0.0625,0.0,0.0312,0.0625
4571,0.0312,1,5,0.2,0.036,0.624,0.125,0.0395,2,False,boundary,0.1875,0.0625,0.125,0.125,0.125
4575,0.4062,0,5,0.0,0.0,0.434,0.6438,0.0643,17,False,never_flagged,0.6562,0.625,0.7188,0.5312,0.6875
4579,0.0938,0,5,0.0,0.0,0.434,0.4625,0.1623,9,False,never_flagged,0.4375,0.3438,0.5,0.75,0.2812
4596,0.0,5,5,1.0,0.566,1.0,0.0187,0.025,0,True,no_reward,0.0,0.0625,0.0,0.0,0.0312
4603,0.7188,0,5,0.0,0.0,0.434,0.9437,0.0234,29,False,never_flagged,0.9375,0.9062,0.9688,0.9375,0.9688
4615,0.0938,3,5,0.6,0.231,0.882,0.1187,0.0459,2,False,boundary,0.1562,0.1875,0.0625,0.0938,0.0938
4617,0.0625,3,5,0.6,0.231,0.882,0.075,0.058,0,False,boundary,0.125,0.0312,0.0,0.0625,0.1562
4625,0.2812,0,5,0.0,0.0,0.434,0.9688,0.028,30,False,never_flagged,1.0,0.9375,1.0,0.9688,0.9375
4629,0.0312,3,5,0.6,0.231,0.882,0.0563,0.0573,0,True,no_reward,0.0,0.125,0.125,0.0,0.0312
4663,0.7812,0,5,0.0,0.0,0.434,0.9875,0.0153,31,False,never_flagged,1.0,1.0,1.0,0.9688,0.9688
4664,0.5625,0,5,0.0,0.0,0.434,0.9062,0.0884,24,False,never_flagged,1.0,0.9375,0.875,0.9688,0.75
4669,0.4688,0,5,0.0,0.0,0.434,0.6687,0.098,17,False,never_flagged,0.8125,0.5938,0.7188,0.5312,0.6875
4676,0.0625,1,5,0.2,0.036,0.624,0.175,0.0545,3,False,boundary,0.2188,0.0938,0.25,0.1562,0.1562
4682,0.3438,0,5,0.0,0.0,0.434,0.8125,0.0593,23,False,never_flagged,0.875,0.7188,0.8125,0.875,0.7812
4687,0.0,5,5,1.0,0.566,1.0,0.0,0.0,0,True,no_reward,0.0,0.0,0.0,0.0,0.0
4688,0.1875,0,5,0.0,0.0,0.434,0.8875,0.0643,26,False,never_flagged,0.8438,0.8125,0.9062,1.0,0.875
4691,0.125,0,5,0.0,0.0,0.434,0.2938,0.0545,7,False,never_flagged,0.2188,0.3125,0.25,0.375,0.3125
4693,0.4688,0,5,0.0,0.0,0.434,0.75,0.0815,20,False,never_flagged,0.7188,0.625,0.75,0.875,0.7812
4704,0.0,5,5,1.0,0.566,1.0,0.0312,0.0198,0,False,stable_unlearnable,0.0312,0.0,0.0312,0.0312,0.0625
4716,0.3438,0,5,0.0,0.0,0.434,1.0,0.0,32,False,never_flagged,1.0,1.0,1.0,1.0,1.0
4718,0.5312,0,5,0.0,0.0,0.434,0.9313,0.0364,29,False,never_flagged,0.9062,0.9062,1.0,0.9062,0.9375
4734,0.5938,0,5,0.0,0.0,0.434,0.9875,0.0153,31,False,never_flagged,1.0,0.9688,0.9688,1.0,1.0
4744,0.4062,0,5,0.0,0.0,0.434,0.6,0.1375,13,False,never_flagged,0.6562,0.4688,0.75,0.4062,0.7188
4750,0.0,0,5,0.0,0.0,0.434,0.6,0.0871,16,False,never_flagged,0.5312,0.5,0.5625,0.7188,0.6875
4761,0.1875,5,5,1.0,0.566,1.0,0.0375,0.0125,1,False,stable_unlearnable,0.0312,0.0312,0.0312,0.0312,0.0625
4768,0.5312,0,5,0.0,0.0,0.434,0.9812,0.0153,31,False,never_flagged,0.9688,0.9688,0.9688,1.0,1.0
4769,0.0,5,5,1.0,0.566,1.0,0.0,0.0,0,True,no_reward,0.0,0.0,0.0,0.0,0.0
4774,0.25,0,5,0.0,0.0,0.434,0.4,0.0935,9,False,never_flagged,0.2812,0.3438,0.4062,0.4062,0.5625
4777,0.7188,0,5,0.0,0.0,0.434,1.0,0.0,32,False,never_flagged,1.0,1.0,1.0,1.0,1.0
4787,0.25,0,5,0.0,0.0,0.434,0.6937,0.1346,17,False,never_flagged,0.6875,0.9375,0.6875,0.625,0.5312
4799,0.0312,3,5,0.6,0.231,0.882,0.1313,0.0667,2,False,boundary,0.0938,0.0938,0.25,0.0625,0.1562
4837,0.0,5,5,1.0,0.566,1.0,0.0063,0.0125,0,True,no_reward,0.0,0.0,0.0,0.0312,0.0
4841,0.0,5,5,1.0,0.566,1.0,0.0,0.0,0,True,no_reward,0.0,0.0,0.0,0.0,0.0
4847,0.0625,0,5,0.0,0.0,0.434,0.9313,0.0538,27,False,never_flagged,0.9062,0.8438,0.9375,0.9688,1.0
4850,0.7812,0,5,0.0,0.0,0.434,1.0,0.0,32,False,never_flagged,1.0,1.0,1.0,1.0,1.0
4858,0.5938,0,5,0.0,0.0,0.434,0.9938,0.0125,31,False,never_flagged,0.9688,1.0,1.0,1.0,1.0
4866,0.25,0,5,0.0,0.0,0.434,0.5437,0.1406,12,False,never_flagged,0.4062,0.375,0.5312,0.7188,0.6875
4872,0.0938,5,5,1.0,0.566,1.0,0.0312,0.0342,0,True,no_reward,0.0312,0.0312,0.0938,0.0,0.0
4889,0.0,5,5,1.0,0.566,1.0,0.0063,0.0125,0,True,no_reward,0.0,0.0,0.0,0.0,0.0312
4892,0.0312,5,5,1.0,0.566,1.0,0.0,0.0,0,True,no_reward,0.0,0.0,0.0,0.0,0.0
4905,0.5312,0,5,0.0,0.0,0.434,0.975,0.0364,29,False,never_flagged,0.9062,0.9688,1.0,1.0,1.0
4908,0.625,0,5,0.0,0.0,0.434,0.975,0.0234,30,False,never_flagged,0.9688,0.9375,0.9688,1.0,1.0
4915,0.0938,5,5,1.0,0.566,1.0,0.0312,0.0198,0,True,no_reward,0.0,0.0312,0.0625,0.0312,0.0312
4917,0.375,0,5,0.0,0.0,0.434,0.475,0.0824,13,False,never_flagged,0.5,0.4062,0.4375,0.4062,0.625
4921,0.8438,0,5,0.0,0.0,0.434,0.9938,0.0125,31,False,never_flagged,1.0,0.9688,1.0,1.0,1.0
4937,0.5,0,5,0.0,0.0,0.434,0.8938,0.1244,22,False,never_flagged,0.8125,0.6875,0.9688,1.0,1.0
4946,0.4375,0,5,0.0,0.0,0.434,0.675,0.1128,15,False,never_flagged,0.8125,0.6875,0.6875,0.4688,0.7188
4947,0.5,0,5,0.0,0.0,0.434,1.0,0.0,32,False,never_flagged,1.0,1.0,1.0,1.0,1.0
4948,0.75,0,5,0.0,0.0,0.434,0.9437,0.0364,29,False,never_flagged,0.9062,0.9375,1.0,0.9062,0.9688
4950,0.4375,0,5,0.0,0.0,0.434,0.8625,0.1075,21,False,never_flagged,0.875,0.6562,0.9062,0.9688,0.9062
4976,0.1875,0,5,0.0,0.0,0.434,0.55,0.0424,15,False,never_flagged,0.5625,0.4688,0.5938,0.5625,0.5625
4982,0.2812,1,5,0.2,0.036,0.624,0.1688,0.0643,3,False,boundary,0.2812,0.1562,0.0938,0.125,0.1875
4998,0.0938,0,5,0.0,0.0,0.434,0.1875,0.0395,4,False,never_flagged,0.1875,0.1875,0.25,0.125,0.1875
5014,0.2188,0,5,0.0,0.0,0.434,0.6937,0.1389,14,False,never_flagged,0.7812,0.8125,0.6562,0.4375,0.7812
5034,0.5938,0,5,0.0,0.0,0.434,0.9313,0.0776,25,False,never_flagged,0.9688,0.9688,1.0,0.9375,0.7812
5049,0.0,5,5,1.0,0.566,1.0,0.0312,0.028,0,True,no_reward,0.0,0.0312,0.0625,0.0625,0.0
5057,0.0312,4,5,0.8,0.376,0.964,0.0625,0.0523,0,False,boundary,0.0938,0.0,0.0938,0.0,0.125
5064,0.75,0,5,0.0,0.0,0.434,0.9938,0.0125,31,False,never_flagged,1.0,0.9688,1.0,1.0,1.0
5065,0.0938,2,5,0.4,0.118,0.769,0.1375,0.0508,2,False,boundary,0.0625,0.1875,0.1875,0.0938,0.1562
5069,0.2812,0,5,0.0,0.0,0.434,0.85,0.1159,20,False,never_flagged,0.9375,0.625,0.875,0.875,0.9375
5082,0.875,0,5,0.0,0.0,0.434,1.0,0.0,32,False,never_flagged,1.0,1.0,1.0,1.0,1.0
5084,0.0312,4,5,0.8,0.376,0.964,0.0312,0.0484,0,True,no_reward,0.0312,0.0,0.0,0.0,0.125
5097,0.4688,0,5,0.0,0.0,0.434,0.725,0.1142,18,False,never_flagged,0.5625,0.8438,0.625,0.75,0.8438
5101,0.0938,3,5,0.6,0.231,0.882,0.1125,0.0805,0,True,no_reward,0.0,0.2188,0.0938,0.0625,0.1875
5107,0.1875,2,5,0.4,0.118,0.769,0.125,0.0523,2,False,boundary,0.125,0.125,0.0625,0.2188,0.0938
5123,0.8125,0,5,0.0,0.0,0.434,0.9688,0.0342,29,False,never_flagged,1.0,0.9688,1.0,0.9688,0.9062
5125,0.375,0,5,0.0,0.0,0.434,0.7063,0.0781,18,False,never_flagged,0.75,0.7812,0.75,0.5625,0.6875
5133,0.625,0,5,0.0,0.0,0.434,1.0,0.0,32,False,never_flagged,1.0,1.0,1.0,1.0,1.0
5145,0.0,5,5,1.0,0.566,1.0,0.0125,0.0153,0,True,no_reward,0.0,0.0312,0.0312,0.0,0.0
5150,0.4688,0,5,0.0,0.0,0.434,0.9563,0.0468,28,False,never_flagged,0.875,1.0,0.9688,0.9375,1.0
5155,0.2188,0,5,0.0,0.0,0.434,0.525,0.2266,9,False,never_flagged,0.4688,0.3125,0.6875,0.875,0.2812
5167,0.4062,0,5,0.0,0.0,0.434,0.975,0.0364,29,False,never_flagged,0.9062,0.9688,1.0,1.0,1.0
5170,0.0,5,5,1.0,0.566,1.0,0.0063,0.0125,0,True,no_reward,0.0,0.0,0.0,0.0312,0.0
5178,0.8438,0,5,0.0,0.0,0.434,1.0,0.0,32,False,never_flagged,1.0,1.0,1.0,1.0,1.0
5192,0.0625,0,5,0.0,0.0,0.434,0.5625,0.2546,9,False,never_flagged,0.2812,0.7812,0.5625,0.9062,0.2812
5203,0.0,5,5,1.0,0.566,1.0,0.0187,0.0153,0,True,no_reward,0.0312,0.0,0.0,0.0312,0.0312
5214,0.1875,1,5,0.2,0.036,0.624,0.15,0.0996,0,False,boundary,0.3125,0.0,0.1562,0.1562,0.125
5226,0.1875,0,5,0.0,0.0,0.434,0.5062,0.0606,14,False,never_flagged,0.4688,0.5625,0.5938,0.4688,0.4375
5234,0.2188,0,5,0.0,0.0,0.434,0.2625,0.0375,7,False,never_flagged,0.2812,0.3125,0.2188,0.2812,0.2188
5237,0.4688,0,5,0.0,0.0,0.434,0.4938,0.3109,4,False,never_flagged,0.125,0.9375,0.7812,0.2812,0.3438
5246,0.0312,5,5,1.0,0.566,1.0,0.05,0.0319,0,True,no_reward,0.0,0.0938,0.0625,0.0625,0.0312
5259,0.5,0,5,0.0,0.0,0.434,0.7937,0.1196,19,False,never_flagged,0.7188,0.875,0.9062,0.5938,0.875
5264,0.125,0,5,0.0,0.0,0.434,0.4125,0.0573,10,False,never_flagged,0.4062,0.4688,0.3125,0.4062,0.4688
5267,0.4062,0,5,0.0,0.0,0.434,0.8438,0.0927,22,False,never_flagged,0.875,0.9688,0.8125,0.6875,0.875
5272,0.0,4,5,0.8,0.376,0.964,0.0688,0.0364,1,True,no_reward,0.0625,0.0312,0.125,0.0312,0.0938
5283,0.0938,5,5,1.0,0.566,1.0,0.0437,0.0319,0,False,stable_unlearnable,0.0625,0.0312,0.0938,0.0,0.0312
5287,0.0,5,5,1.0,0.566,1.0,0.0,0.0,0,True,no_reward,0.0,0.0,0.0,0.0,0.0
5293,0.8438,0,5,0.0,0.0,0.434,0.8938,0.0643,25,False,never_flagged,0.7812,0.875,0.9375,0.9688,0.9062
5300,0.0938,3,5,0.6,0.231,0.882,0.1062,0.0468,2,False,boundary,0.0625,0.0625,0.1875,0.0938,0.125
5304,0.4688,0,5,0.0,0.0,0.434,0.9625,0.05,28,False,never_flagged,0.875,0.9375,1.0,1.0,1.0
5332,0.0312,0,5,0.0,0.0,0.434,0.2625,0.0875,5,False,never_flagged,0.2812,0.2812,0.1562,0.4062,0.1875
5345,0.0,5,5,1.0,0.566,1.0,0.0,0.0,0,True,no_reward,0.0,0.0,0.0,0.0,0.0
5353,0.0,5,5,1.0,0.566,1.0,0.025,0.0234,0,True,no_reward,0.0,0.0312,0.0625,0.0312,0.0
5363,0.2812,0,5,0.0,0.0,0.434,0.875,0.0685,25,False,never_flagged,0.9688,0.9062,0.7812,0.8125,0.9062
5377,0.4062,0,5,0.0,0.0,0.434,1.0,0.0,32,False,never_flagged,1.0,1.0,1.0,1.0,1.0
5383,0.0,4,5,0.8,0.376,0.964,0.05,0.0468,0,True,no_reward,0.125,0.0,0.0,0.0625,0.0625
5392,0.3125,0,5,0.0,0.0,0.434,0.9187,0.0468,27,False,never_flagged,0.9062,0.9688,0.9062,0.9688,0.8438
5405,0.625,0,5,0.0,0.0,0.434,1.0,0.0,32,False,never_flagged,1.0,1.0,1.0,1.0,1.0
5409,0.0,5,5,1.0,0.566,1.0,0.0063,0.0125,0,True,no_reward,0.0,0.0312,0.0,0.0,0.0
5419,0.3438,0,5,0.0,0.0,0.434,0.9688,0.028,30,False,never_flagged,1.0,1.0,0.9375,0.9375,0.9688
5448,0.375,0,5,0.0,0.0,0.434,0.7375,0.0897,21,False,never_flagged,0.8125,0.6562,0.875,0.6875,0.6562
5454,0.5312,0,5,0.0,0.0,0.434,0.9125,0.075,25,False,never_flagged,0.9062,0.7812,0.9688,1.0,0.9062
5471,0.125,0,5,0.0,0.0,0.434,0.3688,0.1108,6,False,never_flagged,0.1875,0.3438,0.375,0.4062,0.5312
5484,0.0,4,5,0.8,0.376,0.964,0.0563,0.0606,0,True,no_reward,0.0938,0.1562,0.0312,0.0,0.0
5487,0.0625,0,5,0.0,0.0,0.434,0.775,0.0848,21,True,no_reward,0.8438,0.8438,0.6562,0.6875,0.8438
5490,0.25,0,5,0.0,0.0,0.434,0.7625,0.1275,17,False,never_flagged,0.7188,0.8438,0.8438,0.5312,0.875
5493,0.125,0,5,0.0,0.0,0.434,0.5687,0.1209,14,False,never_flagged,0.7812,0.4375,0.5625,0.4688,0.5938
5497,0.0,5,5,1.0,0.566,1.0,0.0,0.0,0,True,no_reward,0.0,0.0,0.0,0.0,0.0
5498,0.3438,0,5,0.0,0.0,0.434,0.8938,0.0805,24,False,never_flagged,0.9688,0.75,0.875,0.9062,0.9688
5501,0.125,0,5,0.0,0.0,0.434,0.3187,0.0415,8,False,never_flagged,0.25,0.3438,0.375,0.3125,0.3125
5517,0.0312,1,5,0.2,0.036,0.624,0.2,0.1305,0,True,no_reward,0.1562,0.2188,0.2188,0.4062,0.0
5520,0.0938,0,5,0.0,0.0,0.434,0.3688,0.1272,7,False,never_flagged,0.2188,0.2188,0.5,0.5,0.4062
5525,0.125,1,5,0.2,0.036,0.624,0.3,0.1963,0,False,boundary,0.25,0.4062,0.5938,0.0,0.25
5533,0.0,5,5,1.0,0.566,1.0,0.0063,0.0125,0,True,no_reward,0.0,0.0312,0.0,0.0,0.0
5542,0.0625,4,5,0.8,0.376,0.964,0.0437,0.058,0,False,boundary,0.1562,0.0,0.0312,0.0,0.0312
5545,0.6562,0,5,0.0,0.0,0.434,0.95,0.0319,29,False,never_flagged,0.9375,0.9062,0.9375,1.0,0.9688
5573,0.4062,0,5,0.0,0.0,0.434,0.9,0.0776,24,False,never_flagged,0.75,0.9375,0.9688,0.9375,0.9062
5578,0.0625,0,5,0.0,0.0,0.434,0.3937,0.1982,5,False,never_flagged,0.1562,0.75,0.375,0.2812,0.4062
5581,0.0,5,5,1.0,0.566,1.0,0.0125,0.025,0,True,no_reward,0.0,0.0,0.0,0.0625,0.0
5584,0.0312,4,5,0.8,0.376,0.964,0.0375,0.0459,0,True,no_reward,0.0,0.0,0.0312,0.0312,0.125
5591,0.4062,0,5,0.0,0.0,0.434,0.9938,0.0125,31,False,never_flagged,1.0,1.0,0.9688,1.0,1.0
5599,0.3125,0,5,0.0,0.0,0.434,0.9812,0.025,30,False,never_flagged,0.9688,1.0,1.0,1.0,0.9375
5618,0.0,5,5,1.0,0.566,1.0,0.0,0.0,0,True,no_reward,0.0,0.0,0.0,0.0,0.0
5621,0.1562,0,5,0.0,0.0,0.434,0.6062,0.096,16,False,never_flagged,0.5,0.5625,0.75,0.5312,0.6875
5625,0.6875,0,5,0.0,0.0,0.434,1.0,0.0,32,False,never_flagged,1.0,1.0,1.0,1.0,1.0
5629,0.5625,0,5,0.0,0.0,0.434,0.825,0.058,24,False,never_flagged,0.9062,0.875,0.7812,0.8125,0.75
5634,0.625,0,5,0.0,0.0,0.434,0.6312,0.0364,19,False,never_flagged,0.5938,0.6875,0.5938,0.625,0.6562
5635,0.1562,0,5,0.0,0.0,0.434,0.625,0.0523,18,False,never_flagged,0.5625,0.625,0.625,0.7188,0.5938
5636,0.0312,5,5,1.0,0.566,1.0,0.025,0.0234,0,True,no_reward,0.0312,0.0,0.0625,0.0312,0.0
5643,0.2188,0,5,0.0,0.0,0.434,0.2625,0.0702,6,False,never_flagged,0.2188,0.3125,0.2188,0.1875,0.375
5646,0.2188,0,5,0.0,0.0,0.434,0.4688,0.0815,11,False,never_flagged,0.5,0.3438,0.5625,0.5312,0.4062
5653,0.125,0,5,0.0,0.0,0.434,0.3,0.094,4,False,never_flagged,0.3438,0.4062,0.125,0.3125,0.3125
5655,0.5312,0,5,0.0,0.0,0.434,0.75,0.1746,13,False,never_flagged,0.8438,0.8438,0.7812,0.875,0.4062
5662,0.0,3,5,0.6,0.231,0.882,0.0938,0.0442,1,True,no_reward,0.0938,0.125,0.0312,0.1562,0.0625
5663,0.0938,0,5,0.0,0.0,0.434,0.3812,0.1332,6,False,never_flagged,0.5938,0.4375,0.3438,0.1875,0.3438
5664,0.4062,0,5,0.0,0.0,0.434,0.9313,0.0306,28,False,never_flagged,0.875,0.9688,0.9375,0.9375,0.9375
5677,0.1562,0,5,0.0,0.0,0.434,0.2562,0.0637,5,False,never_flagged,0.2188,0.2812,0.1562,0.3438,0.2812
5688,0.3125,0,5,0.0,0.0,0.434,0.7,0.0829,19,False,never_flagged,0.8125,0.7812,0.6562,0.5938,0.6562
5694,0.2188,2,5,0.4,0.118,0.769,0.1562,0.0862,2,False,boundary,0.1562,0.0625,0.1562,0.0938,0.3125
5722,0.125,0,5,0.0,0.0,0.434,0.45,0.1228,8,False,never_flagged,0.4062,0.5938,0.4375,0.25,0.5625
5758,0.8438,0,5,0.0,0.0,0.434,1.0,0.0,32,False,never_flagged,1.0,1.0,1.0,1.0,1.0
5768,0.125,0,5,0.0,0.0,0.434,0.925,0.0755,25,False,never_flagged,0.9375,1.0,0.9688,0.9375,0.7812
5777,0.0,5,5,1.0,0.566,1.0,0.0063,0.0125,0,True,no_reward,0.0312,0.0,0.0,0.0,0.0
5794,0.25,0,5,0.0,0.0,0.434,0.2562,0.1016,4,False,never_flagged,0.375,0.375,0.2188,0.1875,0.125
5800,0.5938,0,5,0.0,0.0,0.434,0.8438,0.0765,23,False,never_flagged,0.9375,0.9062,0.7188,0.8438,0.8125
5804,0.2188,0,5,0.0,0.0,0.434,0.5188,0.1179,10,False,never_flagged,0.4688,0.5625,0.625,0.625,0.3125
5806,0.8438,0,5,0.0,0.0,0.434,1.0,0.0,32,False,never_flagged,1.0,1.0,1.0,1.0,1.0
5807,0.8438,0,5,0.0,0.0,0.434,1.0,0.0,32,False,never_flagged,1.0,1.0,1.0,1.0,1.0
5851,0.0,5,5,1.0,0.566,1.0,0.025,0.0234,0,False,stable_unlearnable,0.0,0.0,0.0312,0.0625,0.0312
5855,0.0,5,5,1.0,0.566,1.0,0.0125,0.0153,0,True,no_reward,0.0,0.0,0.0312,0.0312,0.0
5890,0.1562,1,5,0.2,0.036,0.624,0.1562,0.074,2,False,boundary,0.0625,0.2812,0.1875,0.125,0.125
5894,0.0312,2,5,0.4,0.118,0.769,0.1938,0.0996,3,False,boundary,0.3125,0.0938,0.1562,0.0938,0.3125
5900,0.4375,0,5,0.0,0.0,0.434,0.9875,0.025,30,False,never_flagged,1.0,0.9375,1.0,1.0,1.0
5920,0.3438,0,5,0.0,0.0,0.434,0.55,0.0781,15,False,never_flagged,0.625,0.5312,0.6562,0.4688,0.4688
5921,0.0625,0,5,0.0,0.0,0.434,0.4,0.0606,11,False,never_flagged,0.375,0.4375,0.3438,0.3438,0.5
5926,0.1875,3,5,0.6,0.231,0.882,0.1,0.0538,1,False,boundary,0.0938,0.125,0.0312,0.1875,0.0625
5934,0.0,5,5,1.0,0.566,1.0,0.0,0.0,0,True,no_reward,0.0,0.0,0.0,0.0,0.0
5945,0.4375,0,5,0.0,0.0,0.434,0.825,0.1111,20,False,never_flagged,0.7812,0.625,0.9062,0.9062,0.9062
5955,0.0,3,5,0.6,0.231,0.882,0.0813,0.0729,0,False,boundary,0.0,0.0,0.1875,0.125,0.0938
5982,0.0625,0,5,0.0,0.0,0.434,0.6062,0.1447,14,False,never_flagged,0.8438,0.4375,0.5,0.6875,0.5625
5983,0.8438,0,5,0.0,0.0,0.434,1.0,0.0,32,False,never_flagged,1.0,1.0,1.0,1.0,1.0
5986,0.25,0,5,0.0,0.0,0.434,0.925,0.0545,27,False,never_flagged,0.8438,0.9688,0.9688,0.9688,0.875
6013,0.125,0,5,0.0,0.0,0.434,0.8562,0.058,25,False,never_flagged,0.7812,0.8125,0.8438,0.9375,0.9062
6016,0.4688,0,5,0.0,0.0,0.434,0.9563,0.0319,29,False,never_flagged,1.0,0.9375,0.9688,0.9062,0.9688
6040,0.3125,2,5,0.4,0.118,0.769,0.125,0.0862,1,False,boundary,0.0312,0.25,0.125,0.1875,0.0312
6043,0.1562,0,5,0.0,0.0,0.434,0.4625,0.0364,13,False,never_flagged,0.5,0.4375,0.5,0.4688,0.4062
6068,0.25,0,5,0.0,0.0,0.434,0.725,0.1484,16,False,never_flagged,0.8438,0.5938,0.8438,0.8438,0.5
6074,0.0312,1,5,0.2,0.036,0.624,0.2062,0.0702,3,True,no_reward,0.25,0.0938,0.25,0.2812,0.1562
6082,0.125,5,5,1.0,0.566,1.0,0.05,0.0424,0,False,stable_unlearnable,0.0625,0.0938,0.0,0.0,0.0938
6089,0.0625,0,5,0.0,0.0,0.434,0.4875,0.1433,11,False,never_flagged,0.4688,0.75,0.3438,0.375,0.5
6097,0.0,5,5,1.0,0.566,1.0,0.025,0.0234,0,True,no_reward,0.0625,0.0312,0.0312,0.0,0.0
6103,0.7188,0,5,0.0,0.0,0.434,0.9437,0.0538,27,False,never_flagged,0.9688,1.0,0.9375,0.8438,0.9688
6110,0.0,2,5,0.4,0.118,0.769,0.1125,0.0153,3,False,boundary,0.125,0.125,0.0938,0.125,0.0938
6117,0.0312,5,5,1.0,0.566,1.0,0.0187,0.0153,0,False,stable_unlearnable,0.0312,0.0312,0.0312,0.0,0.0
6127,0.0,5,5,1.0,0.566,1.0,0.0,0.0,0,True,no_reward,0.0,0.0,0.0,0.0,0.0
6128,0.0625,3,5,0.6,0.231,0.882,0.0938,0.1046,0,True,no_reward,0.125,0.0625,0.2812,0.0,0.0
6129,0.0,5,5,1.0,0.566,1.0,0.0063,0.0125,0,True,no_reward,0.0,0.0312,0.0,0.0,0.0
6146,0.25,0,5,0.0,0.0,0.434,0.3375,0.0871,7,False,never_flagged,0.4062,0.4375,0.2188,0.375,0.25
6153,0.0,5,5,1.0,0.566,1.0,0.0,0.0,0,True,no_reward,0.0,0.0,0.0,0.0,0.0
6160,0.0312,4,5,0.8,0.376,0.964,0.0563,0.0415,0,True,no_reward,0.0625,0.0625,0.0312,0.0,0.125
6162,0.4062,0,5,0.0,0.0,0.434,0.7375,0.129,20,False,never_flagged,0.6875,0.9688,0.625,0.7812,0.625
6169,0.1562,0,5,0.0,0.0,0.434,0.2,0.0424,5,False,never_flagged,0.1562,0.2812,0.1875,0.1875,0.1875
6170,0.0938,2,5,0.4,0.118,0.769,0.1125,0.0468,1,False,boundary,0.1562,0.125,0.0312,0.0938,0.1562
6175,0.2812,0,5,0.0,0.0,0.434,0.25,0.0713,5,False,never_flagged,0.25,0.1562,0.3438,0.1875,0.3125
6177,0.1875,1,5,0.2,0.036,0.624,0.2625,0.1526,2,True,no_reward,0.2812,0.2188,0.0625,0.2188,0.5312
6192,0.0,3,5,0.6,0.231,0.882,0.1,0.0364,2,True,no_reward,0.1562,0.0625,0.0938,0.0625,0.125
6195,0.0625,1,5,0.2,0.036,0.624,0.1562,0.0442,3,False,boundary,0.1562,0.125,0.0938,0.1875,0.2188
6200,0.0625,2,5,0.4,0.118,0.769,0.125,0.0593,2,True,no_reward,0.0625,0.2188,0.1562,0.125,0.0625
6201,0.0625,3,5,0.6,0.231,0.882,0.1187,0.0606,2,False,boundary,0.2188,0.0625,0.1562,0.0938,0.0625
6204,0.2188,0,5,0.0,0.0,0.434,0.5938,0.1218,14,False,never_flagged,0.625,0.4375,0.4688,0.75,0.6875
6206,0.0312,5,5,1.0,0.566,1.0,0.0125,0.0153,0,True,no_reward,0.0312,0.0,0.0,0.0,0.0312
6209,0.0,5,5,1.0,0.566,1.0,0.0063,0.0125,0,True,no_reward,0.0312,0.0,0.0,0.0,0.0
6211,0.0312,2,5,0.4,0.118,0.769,0.15,0.0893,1,False,boundary,0.2188,0.0938,0.0312,0.2812,0.125
6215,0.375,0,5,0.0,0.0,0.434,0.9625,0.0234,30,False,never_flagged,0.9688,0.9688,1.0,0.9375,0.9375
6232,0.5312,0,5,0.0,0.0,0.434,0.9875,0.025,30,False,never_flagged,1.0,0.9375,1.0,1.0,1.0
6280,0.0,5,5,1.0,0.566,1.0,0.0,0.0,0,True,no_reward,0.0,0.0,0.0,0.0,0.0
6281,0.3438,0,5,0.0,0.0,0.434,0.35,0.0935,6,False,never_flagged,0.375,0.1875,0.4375,0.3125,0.4375
6287,0.0625,2,5,0.4,0.118,0.769,0.1437,0.0673,2,False,boundary,0.0938,0.1875,0.0625,0.25,0.125
6300,0.6562,0,5,0.0,0.0,0.434,1.0,0.0,32,False,never_flagged,1.0,1.0,1.0,1.0,1.0
6301,0.5312,0,5,0.0,0.0,0.434,1.0,0.0,32,False,never_flagged,1.0,1.0,1.0,1.0,1.0
6314,0.1562,3,5,0.6,0.231,0.882,0.1187,0.0606,1,False,boundary,0.0312,0.0938,0.1875,0.1875,0.0938
6322,0.125,2,5,0.4,0.118,0.769,0.0938,0.0395,1,True,no_reward,0.125,0.0625,0.0312,0.125,0.125
6324,0.5,0,5,0.0,0.0,0.434,1.0,0.0,32,False,never_flagged,1.0,1.0,1.0,1.0,1.0
6326,0.2188,0,5,0.0,0.0,0.434,0.95,0.0702,26,False,never_flagged,0.9688,1.0,1.0,0.9688,0.8125
6333,0.2188,0,5,0.0,0.0,0.434,0.25,0.0198,7,False,never_flagged,0.25,0.25,0.2188,0.2812,0.25
6342,0.75,0,5,0.0,0.0,0.434,1.0,0.0,32,False,never_flagged,1.0,1.0,1.0,1.0,1.0
6344,0.0312,5,5,1.0,0.566,1.0,0.0375,0.0234,0,True,no_reward,0.0312,0.0312,0.0,0.0625,0.0625
6347,0.125,5,5,1.0,0.566,1.0,0.0437,0.0424,0,False,stable_unlearnable,0.0,0.0312,0.0938,0.0,0.0938
6359,0.0625,2,5,0.4,0.118,0.769,0.1313,0.0364,3,False,boundary,0.0938,0.1875,0.1562,0.125,0.0938
6363,0.0,5,5,1.0,0.566,1.0,0.0,0.0,0,True,no_reward,0.0,0.0,0.0,0.0,0.0
6372,0.0,5,5,1.0,0.566,1.0,0.0187,0.0153,0,True,no_reward,0.0,0.0,0.0312,0.0312,0.0312
6375,0.1562,4,5,0.8,0.376,0.964,0.0625,0.0791,0,False,boundary,0.0312,0.0312,0.0,0.0312,0.2188
6379,0.4688,0,5,0.0,0.0,0.434,1.0,0.0,32,False,never_flagged,1.0,1.0,1.0,1.0,1.0
6386,0.0625,0,5,0.0,0.0,0.434,0.3375,0.1417,4,True,no_reward,0.5625,0.125,0.2812,0.3438,0.375
6388,0.6562,0,5,0.0,0.0,0.434,0.8812,0.0956,24,False,never_flagged,0.9375,0.7812,0.75,0.9688,0.9688
6395,0.4062,0,5,0.0,0.0,0.434,0.2875,0.0723,7,False,never_flagged,0.375,0.375,0.25,0.2188,0.2188
6411,0.25,0,5,0.0,0.0,0.434,0.4125,0.075,9,False,never_flagged,0.4688,0.2812,0.4688,0.4688,0.375
6413,0.1875,0,5,0.0,0.0,0.434,0.5875,0.1192,15,False,never_flagged,0.5312,0.8125,0.4688,0.5938,0.5312
6414,0.5312,0,5,0.0,0.0,0.434,0.9938,0.0125,31,False,never_flagged,1.0,1.0,0.9688,1.0,1.0
6422,0.0,5,5,1.0,0.566,1.0,0.0437,0.025,0,True,no_reward,0.0625,0.0625,0.0,0.0625,0.0312
6432,0.875,0,5,0.0,0.0,0.434,0.9938,0.0125,31,False,never_flagged,1.0,1.0,1.0,0.9688,1.0
6445,0.0625,0,5,0.0,0.0,0.434,0.5375,0.1561,9,True,no_reward,0.2812,0.75,0.5938,0.4688,0.5938
6449,0.4062,0,5,0.0,0.0,0.434,0.9375,0.0442,28,False,never_flagged,0.9062,0.9375,1.0,0.875,0.9688
6454,0.0938,0,5,0.0,0.0,0.434,0.4062,0.1202,9,False,never_flagged,0.5938,0.3438,0.2812,0.3125,0.5
6459,0.0,5,5,1.0,0.566,1.0,0.0,0.0,0,True,no_reward,0.0,0.0,0.0,0.0,0.0
6467,0.1562,0,5,0.0,0.0,0.434,0.3,0.1057,4,False,never_flagged,0.125,0.375,0.4375,0.2812,0.2812
6471,0.5938,0,5,0.0,0.0,0.434,0.8812,0.1497,19,False,never_flagged,0.875,0.5938,0.9688,1.0,0.9688
6476,0.2812,0,5,0.0,0.0,0.434,1.0,0.0,32,False,never_flagged,1.0,1.0,1.0,1.0,1.0
6482,0.1562,2,5,0.4,0.118,0.769,0.3,0.2241,1,False,boundary,0.0625,0.3125,0.5625,0.5312,0.0312
6490,0.0312,5,5,1.0,0.566,1.0,0.025,0.0364,0,True,no_reward,0.0,0.0,0.0312,0.0,0.0938
6493,0.25,0,5,0.0,0.0,0.434,0.85,0.0871,22,False,never_flagged,0.9062,0.875,0.9375,0.8438,0.6875
6497,0.5938,0,5,0.0,0.0,0.434,0.9875,0.0153,31,False,never_flagged,1.0,1.0,0.9688,0.9688,1.0
6502,0.0938,0,5,0.0,0.0,0.434,0.6125,0.096,14,False,never_flagged,0.6562,0.4375,0.7188,0.5938,0.6562
6507,0.4062,0,5,0.0,0.0,0.434,0.95,0.0508,28,False,never_flagged,0.9062,1.0,0.9688,0.875,1.0
6529,0.4688,0,5,0.0,0.0,0.434,0.8,0.0897,20,False,never_flagged,0.8125,0.875,0.8438,0.8438,0.625
6530,0.2188,0,5,0.0,0.0,0.434,0.75,0.1202,19,False,never_flagged,0.6875,0.5938,0.6875,0.9062,0.875
6543,0.0625,5,5,1.0,0.566,1.0,0.0187,0.025,0,True,no_reward,0.0,0.0312,0.0,0.0,0.0625
6556,0.1875,0,5,0.0,0.0,0.434,0.4062,0.1865,5,False,never_flagged,0.5312,0.375,0.2812,0.1562,0.6875
6557,0.0312,3,5,0.6,0.231,0.882,0.1187,0.0824,0,False,boundary,0.1562,0.0,0.25,0.0938,0.0938
6574,0.9688,0,5,0.0,0.0,0.434,1.0,0.0,32,False,never_flagged,1.0,1.0,1.0,1.0,1.0
6575,0.0,5,5,1.0,0.566,1.0,0.0,0.0,0,True,no_reward,0.0,0.0,0.0,0.0,0.0
6576,0.4062,0,5,0.0,0.0,0.434,1.0,0.0,32,False,never_flagged,1.0,1.0,1.0,1.0,1.0
6578,0.2188,0,5,0.0,0.0,0.434,0.675,0.1487,16,False,never_flagged,0.6562,0.5,0.875,0.5312,0.8125
6590,0.0,5,5,1.0,0.566,1.0,0.0,0.0,0,True,no_reward,0.0,0.0,0.0,0.0,0.0
6597,0.3125,0,5,0.0,0.0,0.434,0.6937,0.0776,19,False,never_flagged,0.6562,0.75,0.6562,0.8125,0.5938
6618,0.0938,0,5,0.0,0.0,0.434,0.9812,0.025,30,False,never_flagged,0.9688,0.9375,1.0,1.0,1.0
6630,0.0,1,5,0.2,0.036,0.624,0.1313,0.0234,3,True,no_reward,0.125,0.1562,0.0938,0.125,0.1562
6634,0.0,5,5,1.0,0.566,1.0,0.0312,0.0342,0,True,no_reward,0.0,0.0312,0.0938,0.0312,0.0
6638,0.0938,1,5,0.2,0.036,0.624,0.2875,0.1302,2,False,boundary,0.375,0.0625,0.4062,0.375,0.2188
6641,0.0938,0,5,0.0,0.0,0.434,0.6125,0.1526,11,False,never_flagged,0.6562,0.7812,0.3438,0.5625,0.7188
6642,0.4375,0,5,0.0,0.0,0.434,0.3688,0.05,11,False,never_flagged,0.3438,0.3438,0.4688,0.3438,0.3438
6658,0.1875,0,5,0.0,0.0,0.434,0.4062,0.028,12,False,never_flagged,0.4375,0.375,0.375,0.4062,0.4375
6660,0.0,5,5,1.0,0.566,1.0,0.0125,0.0153,0,True,no_reward,0.0312,0.0312,0.0,0.0,0.0
6666,0.0312,2,5,0.4,0.118,0.769,0.1313,0.0637,2,True,no_reward,0.2188,0.125,0.0625,0.1875,0.0625
6685,0.2188,0,5,0.0,0.0,0.434,0.8625,0.1741,17,False,never_flagged,1.0,0.5312,0.8438,0.9688,0.9688
6695,0.4688,0,5,0.0,0.0,0.434,0.9375,0.0559,27,False,never_flagged,0.9688,1.0,0.9688,0.9062,0.8438
6710,0.0938,0,5,0.0,0.0,0.434,0.5375,0.0723,14,False,never_flagged,0.5938,0.4688,0.625,0.5625,0.4375
6717,0.5625,0,5,0.0,0.0,0.434,0.625,0.074,17,False,never_flagged,0.5312,0.75,0.6562,0.5938,0.5938
6723,0.4062,0,5,0.0,0.0,0.434,0.2625,0.0508,6,False,never_flagged,0.2812,0.25,0.1875,0.25,0.3438
6725,0.5312,0,5,0.0,0.0,0.434,0.9875,0.0153,31,False,never_flagged,1.0,1.0,0.9688,0.9688,1.0
6741,0.5312,0,5,0.0,0.0,0.434,1.0,0.0,32,False,never_flagged,1.0,1.0,1.0,1.0,1.0
6756,0.1562,1,5,0.2,0.036,0.624,0.1875,0.0884,1,False,boundary,0.25,0.1562,0.2188,0.2812,0.0312
6757,0.0,5,5,1.0,0.566,1.0,0.0063,0.0125,0,True,no_reward,0.0,0.0,0.0312,0.0,0.0
6778,0.1562,3,5,0.6,0.231,0.882,0.0938,0.0342,1,False,boundary,0.0312,0.125,0.0938,0.0938,0.125
6786,0.0,4,5,0.8,0.376,0.964,0.0625,0.0559,0,False,boundary,0.0938,0.0312,0.1562,0.0312,0.0
6790,0.8125,0,5,0.0,0.0,0.434,0.9625,0.0364,29,False,never_flagged,1.0,0.9062,0.9688,0.9375,1.0
6800,0.0938,0,5,0.0,0.0,0.434,0.2687,0.0545,6,False,never_flagged,0.3125,0.25,0.1875,0.3438,0.25
6812,0.4375,0,5,0.0,0.0,0.434,0.825,0.0319,25,False,never_flagged,0.7812,0.8438,0.875,0.8125,0.8125
6828,0.7812,0,5,0.0,0.0,0.434,0.9938,0.0125,31,False,never_flagged,1.0,1.0,1.0,1.0,0.9688
6833,0.0,5,5,1.0,0.566,1.0,0.0063,0.0125,0,True,no_reward,0.0,0.0,0.0,0.0312,0.0
6840,0.875,0,5,0.0,0.0,0.434,0.9938,0.0125,31,False,never_flagged,1.0,1.0,0.9688,1.0,1.0
6846,0.3125,0,5,0.0,0.0,0.434,0.8938,0.0643,25,False,never_flagged,0.9375,0.875,0.9062,0.7812,0.9688
6857,0.2812,0,5,0.0,0.0,0.434,0.5687,0.05,16,False,never_flagged,0.5625,0.5625,0.5625,0.5,0.6562
6870,0.0,5,5,1.0,0.566,1.0,0.0,0.0,0,True,no_reward,0.0,0.0,0.0,0.0,0.0
6881,0.25,0,5,0.0,0.0,0.434,0.6625,0.1209,16,False,never_flagged,0.75,0.5,0.8438,0.625,0.5938
6894,0.0,5,5,1.0,0.566,1.0,0.0,0.0,0,True,no_reward,0.0,0.0,0.0,0.0,0.0
6915,0.2188,0,5,0.0,0.0,0.434,0.2437,0.0871,5,False,never_flagged,0.25,0.2188,0.4062,0.1562,0.1875
6916,0.5,0,5,0.0,0.0,0.434,0.8125,0.0765,23,False,never_flagged,0.7188,0.875,0.875,0.7188,0.875
6917,0.0,5,5,1.0,0.566,1.0,0.0,0.0,0,True,no_reward,0.0,0.0,0.0,0.0,0.0
6927,0.5,0,5,0.0,0.0,0.434,0.5,0.1885,8,False,never_flagged,0.3125,0.75,0.25,0.5938,0.5938
6931,0.4688,0,5,0.0,0.0,0.434,0.3812,0.1705,4,False,never_flagged,0.3438,0.3125,0.625,0.125,0.5
6944,0.0,4,5,0.8,0.376,0.964,0.0437,0.0468,0,True,no_reward,0.0625,0.0,0.125,0.0,0.0312
6957,0.0,5,5,1.0,0.566,1.0,0.0063,0.0125,0,True,no_reward,0.0,0.0,0.0312,0.0,0.0
7020,0.6562,0,5,0.0,0.0,0.434,0.8875,0.094,23,False,never_flagged,0.9062,0.9375,0.875,1.0,0.7188
7021,0.0,5,5,1.0,0.566,1.0,0.0563,0.0125,1,True,no_reward,0.0625,0.0312,0.0625,0.0625,0.0625
7031,0.0938,2,5,0.4,0.118,0.769,0.1688,0.0643,3,True,no_reward,0.1875,0.25,0.0938,0.2188,0.0938
7038,0.2812,0,5,0.0,0.0,0.434,0.9437,0.0234,29,False,never_flagged,0.9062,0.9375,0.9688,0.9375,0.9688
7039,0.7812,0,5,0.0,0.0,0.434,1.0,0.0,32,False,never_flagged,1.0,1.0,1.0,1.0,1.0
7041,0.0,5,5,1.0,0.566,1.0,0.0,0.0,0,True,no_reward,0.0,0.0,0.0,0.0,0.0
7042,0.125,2,5,0.4,0.118,0.769,0.2,0.1196,3,False,boundary,0.3125,0.375,0.0938,0.0938,0.125
7056,0.0312,0,5,0.0,0.0,0.434,0.3063,0.109,6,False,never_flagged,0.1875,0.4688,0.1875,0.3125,0.375
7060,0.0,4,5,0.8,0.376,0.964,0.0875,0.0415,1,False,boundary,0.0938,0.0625,0.0312,0.1562,0.0938
7062,0.1875,0,5,0.0,0.0,0.434,0.7125,0.1693,13,False,never_flagged,0.8125,0.4062,0.6875,0.9062,0.75
7068,0.75,0,5,0.0,0.0,0.434,1.0,0.0,32,False,never_flagged,1.0,1.0,1.0,1.0,1.0
7073,0.5312,0,5,0.0,0.0,0.434,0.8812,0.0871,25,False,never_flagged,0.8438,1.0,0.7812,0.9688,0.8125
7077,0.2812,0,5,0.0,0.0,0.434,0.9625,0.0364,29,False,never_flagged,0.9375,0.9062,0.9688,1.0,1.0
7083,0.25,0,5,0.0,0.0,0.434,0.7125,0.1346,17,False,never_flagged,0.7188,0.5938,0.875,0.5312,0.8438
7095,0.0,5,5,1.0,0.566,1.0,0.0,0.0,0,True,no_reward,0.0,0.0,0.0,0.0,0.0
7104,0.6875,0,5,0.0,0.0,0.434,0.975,0.05,28,False,never_flagged,1.0,1.0,1.0,0.875,1.0
7105,0.1875,0,5,0.0,0.0,0.434,0.1938,0.0459,4,False,never_flagged,0.25,0.2188,0.125,0.2188,0.1562
7108,0.0938,0,5,0.0,0.0,0.434,0.225,0.0935,5,False,never_flagged,0.1562,0.1875,0.2188,0.4062,0.1562
7116,0.2812,0,5,0.0,0.0,0.434,0.9938,0.0125,31,False,never_flagged,0.9688,1.0,1.0,1.0,1.0
7117,0.6562,0,5,0.0,0.0,0.434,0.9875,0.0153,31,False,never_flagged,0.9688,1.0,0.9688,1.0,1.0
7127,0.125,0,5,0.0,0.0,0.434,0.3375,0.0871,8,False,never_flagged,0.4688,0.3125,0.25,0.25,0.4062
7132,0.0938,3,5,0.6,0.231,0.882,0.0938,0.0523,0,True,no_reward,0.0,0.0938,0.0938,0.1562,0.125
7136,0.5312,0,5,0.0,0.0,0.434,1.0,0.0,32,False,never_flagged,1.0,1.0,1.0,1.0,1.0
7140,0.7812,0,5,0.0,0.0,0.434,0.8438,0.1383,19,False,never_flagged,0.8438,1.0,0.8438,0.9375,0.5938
7149,0.0312,5,5,1.0,0.566,1.0,0.0375,0.0364,0,True,no_reward,0.0938,0.0,0.0312,0.0625,0.0
7152,0.0,5,5,1.0,0.566,1.0,0.0063,0.0125,0,True,no_reward,0.0,0.0312,0.0,0.0,0.0
7163,0.5625,0,5,0.0,0.0,0.434,0.9938,0.0125,31,False,never_flagged,1.0,1.0,1.0,0.9688,1.0
7191,0.125,0,5,0.0,0.0,0.434,0.325,0.0729,7,False,never_flagged,0.2812,0.3438,0.3438,0.4375,0.2188
7192,0.0938,5,5,1.0,0.566,1.0,0.0437,0.0153,1,False,stable_unlearnable,0.0312,0.0625,0.0625,0.0312,0.0312
7196,0.0,5,5,1.0,0.566,1.0,0.0437,0.0319,0,True,no_reward,0.0,0.0625,0.0938,0.0312,0.0312
7197,0.5312,0,5,0.0,0.0,0.434,1.0,0.0,32,False,never_flagged,1.0,1.0,1.0,1.0,1.0
7204,0.0938,3,5,0.6,0.231,0.882,0.125,0.0559,2,False,boundary,0.0625,0.1562,0.2188,0.0938,0.0938
7207,0.4062,0,5,0.0,0.0,0.434,0.9812,0.0375,29,False,never_flagged,1.0,1.0,1.0,1.0,0.9062
7248,0.8125,0,5,0.0,0.0,0.434,0.9375,0.0656,27,False,never_flagged,0.9688,0.875,1.0,1.0,0.8438
7253,0.0,4,5,0.8,0.376,0.964,0.0375,0.0606,0,True,no_reward,0.0,0.0312,0.0,0.1562,0.0
7275,0.3125,0,5,0.0,0.0,0.434,0.5125,0.0612,13,False,never_flagged,0.5,0.4062,0.5312,0.5938,0.5312
7281,0.5312,0,5,0.0,0.0,0.434,0.9812,0.025,30,False,never_flagged,0.9688,1.0,1.0,1.0,0.9375
7283,0.0,5,5,1.0,0.566,1.0,0.0,0.0,0,True,no_reward,0.0,0.0,0.0,0.0,0.0
7287,0.2812,1,5,0.2,0.036,0.624,0.3187,0.2123,2,False,boundary,0.4062,0.0625,0.125,0.3438,0.6562
7295,0.75,0,5,0.0,0.0,0.434,1.0,0.0,32,False,never_flagged,1.0,1.0,1.0,1.0,1.0
7305,0.0,5,5,1.0,0.566,1.0,0.0063,0.0125,0,True,no_reward,0.0,0.0,0.0,0.0312,0.0
7320,0.0,5,5,1.0,0.566,1.0,0.0312,0.0198,0,False,stable_unlearnable,0.0312,0.0,0.0312,0.0312,0.0625
7322,0.0,0,5,0.0,0.0,0.434,0.225,0.0776,5,True,no_reward,0.2188,0.1562,0.1875,0.375,0.1875
7353,0.7812,0,5,0.0,0.0,0.434,1.0,0.0,32,False,never_flagged,1.0,1.0,1.0,1.0,1.0
7356,0.375,0,5,0.0,0.0,0.434,0.975,0.0306,30,False,never_flagged,1.0,0.9375,1.0,1.0,0.9375
7370,0.5312,0,5,0.0,0.0,0.434,0.9125,0.0606,27,False,never_flagged,0.9688,0.8438,0.875,1.0,0.875
7371,0.1875,0,5,0.0,0.0,0.434,0.675,0.142,17,False,never_flagged,0.75,0.6562,0.9062,0.5312,0.5312
7377,0.3125,0,5,0.0,0.0,0.434,1.0,0.0,32,False,never_flagged,1.0,1.0,1.0,1.0,1.0
7382,0.0312,0,5,0.0,0.0,0.434,0.3187,0.0606,8,True,no_reward,0.25,0.3438,0.3438,0.4062,0.25
7384,0.0,5,5,1.0,0.566,1.0,0.0063,0.0125,0,True,no_reward,0.0,0.0312,0.0,0.0,0.0
7389,0.5938,0,5,0.0,0.0,0.434,0.9812,0.0375,29,False,never_flagged,1.0,1.0,0.9062,1.0,1.0
7404,0.0312,4,5,0.8,0.376,0.964,0.0625,0.0395,1,True,no_reward,0.0312,0.0312,0.0938,0.125,0.0312
7409,0.0,4,5,0.8,0.376,0.964,0.0938,0.0395,1,False,boundary,0.0938,0.1562,0.0938,0.0938,0.0312
7414,0.0938,0,5,0.0,0.0,0.434,0.4062,0.1581,7,False,never_flagged,0.375,0.6875,0.2188,0.4375,0.3125
7435,0.3438,0,5,0.0,0.0,0.434,1.0,0.0,32,False,never_flagged,1.0,1.0,1.0,1.0,1.0
7444,0.7188,0,5,0.0,0.0,0.434,0.9688,0.0395,29,False,never_flagged,1.0,1.0,1.0,0.9062,0.9375
7450,0.125,0,5,0.0,0.0,0.434,0.6562,0.1326,15,False,never_flagged,0.7188,0.75,0.8125,0.5312,0.4688
7461,0.7812,0,5,0.0,0.0,0.434,0.9938,0.0125,31,False,never_flagged,1.0,1.0,0.9688,1.0,1.0
7476,0.2812,0,5,0.0,0.0,0.434,0.9313,0.0538,27,False,never_flagged,0.9062,1.0,0.8438,0.9688,0.9375
7477,0.1875,0,5,0.0,0.0,0.434,0.65,0.2029,13,False,never_flagged,0.6562,1.0,0.4062,0.5,0.6875
7480,0.375,0,5,0.0,0.0,0.434,0.825,0.2021,14,False,never_flagged,0.8438,0.875,1.0,0.9688,0.4375
7482,0.1875,0,5,0.0,0.0,0.434,0.2625,0.0508,6,False,never_flagged,0.3125,0.3125,0.2188,0.1875,0.2812
7503,0.0938,5,5,1.0,0.566,1.0,0.0312,0.0342,0,False,stable_unlearnable,0.0,0.0,0.0938,0.0312,0.0312
7504,0.0938,1,5,0.2,0.036,0.624,0.2125,0.1209,3,False,boundary,0.125,0.0938,0.2188,0.1875,0.4375
7505,0.75,0,5,0.0,0.0,0.434,1.0,0.0,32,False,never_flagged,1.0,1.0,1.0,1.0,1.0
7518,0.0312,3,5,0.6,0.231,0.882,0.1125,0.0852,0,True,no_reward,0.1562,0.0625,0.0,0.25,0.0938
7535,0.5,0,5,0.0,0.0,0.434,0.5125,0.1829,7,False,never_flagged,0.4688,0.75,0.2188,0.4688,0.6562
7541,0.0,5,5,1.0,0.566,1.0,0.0,0.0,0,True,no_reward,0.0,0.0,0.0,0.0,0.0
7557,0.0,0,5,0.0,0.0,0.434,0.2188,0.0442,5,True,no_reward,0.1875,0.1562,0.2812,0.25,0.2188
7563,0.0312,1,5,0.2,0.036,0.624,0.1187,0.0306,2,True,no_reward,0.125,0.125,0.125,0.0625,0.1562
7578,0.1562,0,5,0.0,0.0,0.434,0.7562,0.05,22,False,never_flagged,0.6875,0.8438,0.75,0.75,0.75
7581,0.375,0,5,0.0,0.0,0.434,0.9938,0.0125,31,False,never_flagged,1.0,1.0,1.0,1.0,0.9688
7601,0.1875,0,5,0.0,0.0,0.434,0.225,0.0234,6,False,never_flagged,0.25,0.25,0.2188,0.2188,0.1875
7604,0.4375,0,5,0.0,0.0,0.434,0.7875,0.0234,24,False,never_flagged,0.7812,0.7812,0.8125,0.75,0.8125
7605,0.6875,0,5,0.0,0.0,0.434,0.9875,0.025,30,False,never_flagged,1.0,0.9375,1.0,1.0,1.0
7627,0.0,5,5,1.0,0.566,1.0,0.0,0.0,0,True,no_reward,0.0,0.0,0.0,0.0,0.0
7628,0.0,0,5,0.0,0.0,0.434,0.2125,0.05,5,True,no_reward,0.25,0.1562,0.2812,0.2188,0.1562
7633,0.2188,0,5,0.0,0.0,0.434,0.9313,0.0538,27,False,never_flagged,1.0,0.9062,0.9375,0.8438,0.9688
7634,0.0625,5,5,1.0,0.566,1.0,0.025,0.0125,0,False,stable_unlearnable,0.0312,0.0,0.0312,0.0312,0.0312
7648,0.0,5,5,1.0,0.566,1.0,0.025,0.0234,0,False,stable_unlearnable,0.0,0.0625,0.0312,0.0,0.0312
7665,0.125,0,5,0.0,0.0,0.434,0.2875,0.0538,7,False,never_flagged,0.2188,0.375,0.25,0.3125,0.2812
7669,0.5312,0,5,0.0,0.0,0.434,0.9875,0.025,30,False,never_flagged,1.0,1.0,1.0,1.0,0.9375
7674,1.0,0,5,0.0,0.0,0.434,0.9875,0.025,30,False,never_flagged,0.9375,1.0,1.0,1.0,1.0
7681,0.0625,2,5,0.4,0.118,0.769,0.1125,0.0508,1,True,no_reward,0.0938,0.125,0.125,0.0312,0.1875
7706,0.0,5,5,1.0,0.566,1.0,0.025,0.0306,0,True,no_reward,0.0,0.0,0.0625,0.0625,0.0
7715,0.2812,0,5,0.0,0.0,0.434,0.9563,0.0612,27,False,never_flagged,1.0,0.9375,0.8438,1.0,1.0
7719,0.3438,0,5,0.0,0.0,0.434,0.725,0.1761,17,False,never_flagged,1.0,0.5625,0.6875,0.8438,0.5312
7723,0.0,5,5,1.0,0.566,1.0,0.0,0.0,0,True,no_reward,0.0,0.0,0.0,0.0,0.0
7742,0.0,5,5,1.0,0.566,1.0,0.0,0.0,0,True,no_reward,0.0,0.0,0.0,0.0,0.0
7756,0.0,5,5,1.0,0.566,1.0,0.0,0.0,0,True,no_reward,0.0,0.0,0.0,0.0,0.0
7758,0.6562,0,5,0.0,0.0,0.434,1.0,0.0,32,False,never_flagged,1.0,1.0,1.0,1.0,1.0
7760,0.0938,0,5,0.0,0.0,0.434,0.525,0.1287,11,False,never_flagged,0.5625,0.6562,0.4062,0.3438,0.6562
7762,0.0,5,5,1.0,0.566,1.0,0.0063,0.0125,0,True,no_reward,0.0,0.0,0.0,0.0312,0.0
7764,0.1562,0,5,0.0,0.0,0.434,0.3,0.058,6,False,never_flagged,0.3438,0.3438,0.1875,0.3125,0.3125
7785,0.2812,0,5,0.0,0.0,0.434,0.625,0.134,15,False,never_flagged,0.6562,0.7812,0.4688,0.4688,0.75
7797,0.0625,4,5,0.8,0.376,0.964,0.0625,0.0442,0,False,boundary,0.0625,0.125,0.0,0.0312,0.0938
7798,0.4688,0,5,0.0,0.0,0.434,1.0,0.0,32,False,never_flagged,1.0,1.0,1.0,1.0,1.0
7799,0.1875,0,5,0.0,0.0,0.434,0.4437,0.0914,9,False,never_flagged,0.4688,0.5625,0.4375,0.4688,0.2812
7802,0.2812,0,5,0.0,0.0,0.434,0.6188,0.0914,16,False,never_flagged,0.5,0.5312,0.75,0.6562,0.6562
7815,0.4375,0,5,0.0,0.0,0.434,0.9375,0.0948,24,False,never_flagged,0.9688,0.75,1.0,1.0,0.9688
7816,0.625,0,5,0.0,0.0,0.434,0.975,0.0364,29,False,never_flagged,0.9688,1.0,0.9062,1.0,1.0
7825,0.0625,1,5,0.2,0.036,0.624,0.1812,0.0723,3,False,boundary,0.1875,0.3125,0.1562,0.1562,0.0938
7845,0.4688,0,5,0.0,0.0,0.434,0.9,0.0871,25,False,never_flagged,1.0,0.7812,1.0,0.875,0.8438
7847,0.3125,0,5,0.0,0.0,0.434,0.9812,0.025,30,False,never_flagged,0.9688,1.0,1.0,0.9375,1.0
7854,0.5938,0,5,0.0,0.0,0.434,1.0,0.0,32,False,never_flagged,1.0,1.0,1.0,1.0,1.0
7869,0.0938,5,5,1.0,0.566,1.0,0.0312,0.0342,0,True,no_reward,0.0,0.0312,0.0938,0.0,0.0312
7872,0.4688,0,5,0.0,0.0,0.434,0.9062,0.0559,27,False,never_flagged,0.875,0.9375,0.875,0.8438,1.0
7875,0.5312,0,5,0.0,0.0,0.434,1.0,0.0,32,False,never_flagged,1.0,1.0,1.0,1.0,1.0
7886,0.0625,0,5,0.0,0.0,0.434,0.3375,0.0935,8,False,never_flagged,0.25,0.5,0.3125,0.25,0.375
7892,0.0,5,5,1.0,0.566,1.0,0.0125,0.025,0,True,no_reward,0.0,0.0,0.0,0.0625,0.0
7899,0.1875,2,5,0.4,0.118,0.769,0.1125,0.0897,0,True,no_reward,0.25,0.1562,0.125,0.0,0.0312
7903,0.0,5,5,1.0,0.566,1.0,0.0063,0.0125,0,False,stable_unlearnable,0.0,0.0,0.0,0.0,0.0312
7915,0.6875,0,5,0.0,0.0,0.434,0.8,0.0755,23,False,never_flagged,0.7188,0.7812,0.9375,0.8125,0.75
7924,0.0,0,5,0.0,0.0,0.434,0.5062,0.0637,13,False,never_flagged,0.5938,0.4688,0.5312,0.4062,0.5312
7925,0.1562,1,5,0.2,0.036,0.624,0.3187,0.1389,2,False,boundary,0.3438,0.4688,0.3125,0.0625,0.4062
7926,0.1562,0,5,0.0,0.0,0.434,0.2,0.0468,5,False,never_flagged,0.1875,0.2188,0.1562,0.2812,0.1562
7927,0.0938,0,5,0.0,0.0,0.434,0.7,0.2293,12,False,never_flagged,0.9062,0.9688,0.5,0.75,0.375
7929,0.5625,0,5,0.0,0.0,0.434,0.9938,0.0125,31,False,never_flagged,1.0,1.0,1.0,0.9688,1.0
7940,0.0,5,5,1.0,0.566,1.0,0.0625,0.0342,0,True,no_reward,0.0625,0.0938,0.0625,0.0938,0.0
7941,0.0,0,5,0.0,0.0,0.434,0.1938,0.0538,4,False,never_flagged,0.2812,0.1875,0.125,0.2188,0.1562
7947,0.125,0,5,0.0,0.0,0.434,0.4125,0.1241,8,False,never_flagged,0.4688,0.2812,0.5625,0.5,0.25
7950,0.0,5,5,1.0,0.566,1.0,0.0063,0.0125,0,True,no_reward,0.0312,0.0,0.0,0.0,0.0
7956,0.5,0,5,0.0,0.0,0.434,0.975,0.0234,30,False,never_flagged,0.9688,0.9375,1.0,0.9688,1.0
7959,0.0,5,5,1.0,0.566,1.0,0.0,0.0,0,True,no_reward,0.0,0.0,0.0,0.0,0.0
7975,0.0312,4,5,0.8,0.376,0.964,0.05,0.058,0,True,no_reward,0.0625,0.0,0.0,0.0312,0.1562
7980,0.1562,0,5,0.0,0.0,0.434,0.425,0.1093,8,False,never_flagged,0.3438,0.25,0.5,0.5,0.5312
7981,0.375,0,5,0.0,0.0,0.434,0.85,0.0914,24,False,never_flagged,0.8125,0.7812,0.9062,1.0,0.75
7986,0.0312,5,5,1.0,0.566,1.0,0.025,0.0234,0,True,no_reward,0.0312,0.0,0.0312,0.0625,0.0
7992,0.0938,5,5,1.0,0.566,1.0,0.0813,0.0153,2,False,stable_unlearnable,0.0938,0.0625,0.0938,0.0938,0.0625
7999,0.0,5,5,1.0,0.566,1.0,0.0187,0.025,0,True,no_reward,0.0,0.0312,0.0,0.0,0.0625
8001,0.0312,5,5,1.0,0.566,1.0,0.0312,0.028,0,True,no_reward,0.0,0.0625,0.0312,0.0625,0.0
8002,0.1562,3,5,0.6,0.231,0.882,0.0875,0.0538,0,False,boundary,0.0938,0.1562,0.0625,0.0,0.125
8008,0.5938,0,5,0.0,0.0,0.434,0.7625,0.1196,17,False,never_flagged,0.8125,0.7812,0.875,0.8125,0.5312
8017,0.0312,5,5,1.0,0.566,1.0,0.05,0.0375,0,False,stable_unlearnable,0.0312,0.0938,0.0,0.0312,0.0938
8019,0.0938,0,5,0.0,0.0,0.434,0.3438,0.1593,4,True,no_reward,0.5625,0.125,0.4688,0.3438,0.2188
8021,0.0625,2,5,0.4,0.118,0.769,0.1812,0.0956,3,False,boundary,0.0938,0.125,0.2812,0.0938,0.3125
8023,0.4688,0,5,0.0,0.0,0.434,0.7125,0.0976,17,False,never_flagged,0.5312,0.8125,0.7188,0.7812,0.7188
8028,0.0625,0,5,0.0,0.0,0.434,0.5625,0.0765,14,False,never_flagged,0.625,0.4375,0.6562,0.5625,0.5312
8050,0.0625,0,5,0.0,0.0,0.434,0.8938,0.1672,18,False,never_flagged,1.0,0.9375,0.9688,1.0,0.5625
8061,0.0,4,5,0.8,0.376,0.964,0.075,0.025,2,True,no_reward,0.125,0.0625,0.0625,0.0625,0.0625
8073,0.0938,0,5,0.0,0.0,0.434,0.8688,0.1108,21,True,no_reward,0.9062,0.9688,0.875,0.9375,0.6562
8078,0.4062,0,5,0.0,0.0,0.434,0.5437,0.1972,10,False,never_flagged,0.375,0.5625,0.5938,0.3125,0.875
8084,0.7188,0,5,0.0,0.0,0.434,1.0,0.0,32,False,never_flagged,1.0,1.0,1.0,1.0,1.0
8087,0.1875,0,5,0.0,0.0,0.434,0.9313,0.0364,28,False,never_flagged,0.9688,0.9375,0.9062,0.9688,0.875
8105,0.5938,0,5,0.0,0.0,0.434,0.925,0.0612,26,False,never_flagged,0.9375,0.8125,1.0,0.9375,0.9375
8112,0.2188,0,5,0.0,0.0,0.434,0.4625,0.1241,9,False,never_flagged,0.5625,0.2812,0.375,0.625,0.4688
8127,0.1562,4,5,0.8,0.376,0.964,0.0375,0.0459,0,True,no_reward,0.0312,0.0,0.0312,0.0,0.125
8138,0.125,0,5,0.0,0.0,0.434,0.4,0.1209,6,False,never_flagged,0.1875,0.4062,0.375,0.5,0.5312
